"ut","id","photo","content","date"
"hfut","wtm","https://thirdwx.qlogo.cn/mmopen/vi_32/d8Hr6d65vUx31e2gsh11V0nzH6L9ibWYvfEwLud6uf3kaoVCMrjL13MYjyIXsxzVpoyicpJAtojq0ehxQHMkfVpg/132","1234","0/1/2000 00:00:00"
"hfut","wtm","https://thirdwx.qlogo.cn/mmopen/vi_32/d8Hr6d65vUx31e2gsh11V0nzH6L9ibWYvfEwLud6uf3kaoVCMrjL13MYjyIXsxzVpoyicpJAtojq0ehxQHMkfVpg/132","1234","0/1/2000 00:00:00"
"hfut","wtm","https://thirdwx.qlogo.cn/mmopen/vi_32/d8Hr6d65vUx31e2gsh11V0nzH6L9ibWYvfEwLud6uf3kaoVCMrjL13MYjyIXsxzVpoyicpJAtojq0ehxQHMkfVpg/132","1111","0/1/2000 00:00:00"
"hfut","wtm","https://thirdwx.qlogo.cn/mmopen/vi_32/d8Hr6d65vUx31e2gsh11V0nzH6L9ibWYvfEwLud6uf3kaoVCMrjL13MYjyIXsxzVpoyicpJAtojq0ehxQHMkfVpg/132","1111","0/1/2000 00:00:00"
"Vsa","wtm","https://thirdwx.qlogo.cn/mmopen/vi_32/d8Hr6d65vUx31e2gsh11V0nzH6L9ibWYvfEwLud6uf3kaoVCMrjL13MYjyIXsxzVpoyicpJAtojq0ehxQHMkfVpg/132","ssss","0/1/2000 00:00:00"
"Vsa","wtm","https://thirdwx.qlogo.cn/mmopen/vi_32/d8Hr6d65vUx31e2gsh11V0nzH6L9ibWYvfEwLud6uf3kaoVCMrjL13MYjyIXsxzVpoyicpJAtojq0ehxQHMkfVpg/132","ssss","0/1/2000 00:00:00"
"agd","wtm","https://thirdwx.qlogo.cn/mmopen/vi_32/d8Hr6d65vUx31e2gsh11V0nzH6L9ibWYvfEwLud6uf3kaoVCMrjL13MYjyIXsxzVpoyicpJAtojq0ehxQHMkfVpg/132","adg","31/3/2021 19:57:09"
"agd","wtm","https://thirdwx.qlogo.cn/mmopen/vi_32/d8Hr6d65vUx31e2gsh11V0nzH6L9ibWYvfEwLud6uf3kaoVCMrjL13MYjyIXsxzVpoyicpJAtojq0ehxQHMkfVpg/132","adg","31/3/2021 19:57:09"
"hfut","wtm","https://thirdwx.qlogo.cn/mmopen/vi_32/d8Hr6d65vUx31e2gsh11V0nzH6L9ibWYvfEwLud6uf3kaoVCMrjL13MYjyIXsxzVpoyicpJAtojq0ehxQHMkfVpg/132","yes!","31/3/2021 19:58:07"
"hfut","wtm","https://thirdwx.qlogo.cn/mmopen/vi_32/d8Hr6d65vUx31e2gsh11V0nzH6L9ibWYvfEwLud6uf3kaoVCMrjL13MYjyIXsxzVpoyicpJAtojq0ehxQHMkfVpg/132","yes!","31/3/2021 19:58:07"
"hfut","wtm","https://thirdwx.qlogo.cn/mmopen/vi_32/d8Hr6d65vUx31e2gsh11V0nzH6L9ibWYvfEwLud6uf3kaoVCMrjL13MYjyIXsxzVpoyicpJAtojq0ehxQHMkfVpg/132","fff","31/3/2021 20:01:13"
"hfut","wtm","https://thirdwx.qlogo.cn/mmopen/vi_32/d8Hr6d65vUx31e2gsh11V0nzH6L9ibWYvfEwLud6uf3kaoVCMrjL13MYjyIXsxzVpoyicpJAtojq0ehxQHMkfVpg/132","fff","31/3/2021 20:01:13"
"hfut","wtm","https://thirdwx.qlogo.cn/mmopen/vi_32/d8Hr6d65vUx31e2gsh11V0nzH6L9ibWYvfEwLud6uf3kaoVCMrjL13MYjyIXsxzVpoyicpJAtojq0ehxQHMkfVpg/132","ewaf","31/3/2021 20:01:24"
"hfut","wtm","https://thirdwx.qlogo.cn/mmopen/vi_32/d8Hr6d65vUx31e2gsh11V0nzH6L9ibWYvfEwLud6uf3kaoVCMrjL13MYjyIXsxzVpoyicpJAtojq0ehxQHMkfVpg/132","ewaf","31/3/2021 20:01:24"
"hfut","wtm","https://thirdwx.qlogo.cn/mmopen/vi_32/d8Hr6d65vUx31e2gsh11V0nzH6L9ibWYvfEwLud6uf3kaoVCMrjL13MYjyIXsxzVpoyicpJAtojq0ehxQHMkfVpg/132","affaf","31/3/2021 20:02:17"
"hfut","wtm","https://thirdwx.qlogo.cn/mmopen/vi_32/d8Hr6d65vUx31e2gsh11V0nzH6L9ibWYvfEwLud6uf3kaoVCMrjL13MYjyIXsxzVpoyicpJAtojq0ehxQHMkfVpg/132","affaf","31/3/2021 20:02:17"
"hfut","wtm","https://thirdwx.qlogo.cn/mmopen/vi_32/d8Hr6d65vUx31e2gsh11V0nzH6L9ibWYvfEwLud6uf3kaoVCMrjL13MYjyIXsxzVpoyicpJAtojq0ehxQHMkfVpg/132","111","31/3/2021 20:02:51"
"hfut","wtm","https://thirdwx.qlogo.cn/mmopen/vi_32/d8Hr6d65vUx31e2gsh11V0nzH6L9ibWYvfEwLud6uf3kaoVCMrjL13MYjyIXsxzVpoyicpJAtojq0ehxQHMkfVpg/132","111","31/3/2021 20:02:51"
"hfut","wtm","https://thirdwx.qlogo.cn/mmopen/vi_32/d8Hr6d65vUx31e2gsh11V0nzH6L9ibWYvfEwLud6uf3kaoVCMrjL13MYjyIXsxzVpoyicpJAtojq0ehxQHMkfVpg/132","zdhd","31/3/2021 20:03:42"
"hfut","wtm","https://thirdwx.qlogo.cn/mmopen/vi_32/d8Hr6d65vUx31e2gsh11V0nzH6L9ibWYvfEwLud6uf3kaoVCMrjL13MYjyIXsxzVpoyicpJAtojq0ehxQHMkfVpg/132","zdhd","31/3/2021 20:03:42"
"AFs","wtm","https://thirdwx.qlogo.cn/mmopen/vi_32/d8Hr6d65vUx31e2gsh11V0nzH6L9ibWYvfEwLud6uf3kaoVCMrjL13MYjyIXsxzVpoyicpJAtojq0ehxQHMkfVpg/132","aaas","31/3/2021 20:04:19"
"AFs","wtm","https://thirdwx.qlogo.cn/mmopen/vi_32/d8Hr6d65vUx31e2gsh11V0nzH6L9ibWYvfEwLud6uf3kaoVCMrjL13MYjyIXsxzVpoyicpJAtojq0ehxQHMkfVpg/132","aaas","31/3/2021 20:04:19"
"gassg","wtm","https://thirdwx.qlogo.cn/mmopen/vi_32/d8Hr6d65vUx31e2gsh11V0nzH6L9ibWYvfEwLud6uf3kaoVCMrjL13MYjyIXsxzVpoyicpJAtojq0ehxQHMkfVpg/132","aga","31/3/2021 21:50:18"
"gassg","wtm","https://thirdwx.qlogo.cn/mmopen/vi_32/d8Hr6d65vUx31e2gsh11V0nzH6L9ibWYvfEwLud6uf3kaoVCMrjL13MYjyIXsxzVpoyicpJAtojq0ehxQHMkfVpg/132","aga","31/3/2021 21:50:18"
"fff","wtm","https://thirdwx.qlogo.cn/mmopen/vi_32/d8Hr6d65vUx31e2gsh11V0nzH6L9ibWYvfEwLud6uf3kaoVCMrjL13MYjyIXsxzVpoyicpJAtojq0ehxQHMkfVpg/132","vhvkkb","1/4/2021 19:00:45"
"fff","wtm","https://thirdwx.qlogo.cn/mmopen/vi_32/d8Hr6d65vUx31e2gsh11V0nzH6L9ibWYvfEwLud6uf3kaoVCMrjL13MYjyIXsxzVpoyicpJAtojq0ehxQHMkfVpg/132","vhvkkb","1/4/2021 19:00:45"
"hhh","wtm","https://thirdwx.qlogo.cn/mmopen/vi_32/d8Hr6d65vUx31e2gsh11V0nzH6L9ibWYvfEwLud6uf3kaoVCMrjL13MYjyIXsxzVpoyicpJAtojq0ehxQHMkfVpg/132","uf","1/4/2021 19:10:35"
"hhh","wtm","https://thirdwx.qlogo.cn/mmopen/vi_32/d8Hr6d65vUx31e2gsh11V0nzH6L9ibWYvfEwLud6uf3kaoVCMrjL13MYjyIXsxzVpoyicpJAtojq0ehxQHMkfVpg/132","uf","1/4/2021 19:10:35"
"hhh","wtm","https://thirdwx.qlogo.cn/mmopen/vi_32/d8Hr6d65vUx31e2gsh11V0nzH6L9ibWYvfEwLud6uf3kaoVCMrjL13MYjyIXsxzVpoyicpJAtojq0ehxQHMkfVpg/132","sdnfz","1/4/2021 19:16:40"
"hhh","wtm","https://thirdwx.qlogo.cn/mmopen/vi_32/d8Hr6d65vUx31e2gsh11V0nzH6L9ibWYvfEwLud6uf3kaoVCMrjL13MYjyIXsxzVpoyicpJAtojq0ehxQHMkfVpg/132","zbdbb","1/4/2021 19:17:01"
"hfut","wtm","https://thirdwx.qlogo.cn/mmopen/vi_32/d8Hr6d65vUx31e2gsh11V0nzH6L9ibWYvfEwLud6uf3kaoVCMrjL13MYjyIXsxzVpoyicpJAtojq0ehxQHMkfVpg/132","ghghghgh","1/4/2021 20:26:47"
"hfut","wtm","https://thirdwx.qlogo.cn/mmopen/vi_32/d8Hr6d65vUx31e2gsh11V0nzH6L9ibWYvfEwLud6uf3kaoVCMrjL13MYjyIXsxzVpoyicpJAtojq0ehxQHMkfVpg/132","yrbjv","1/4/2021 20:27:28"
"hfut","wtm","https://thirdwx.qlogo.cn/mmopen/vi_32/d8Hr6d65vUx31e2gsh11V0nzH6L9ibWYvfEwLud6uf3kaoVCMrjL13MYjyIXsxzVpoyicpJAtojq0ehxQHMkfVpg/132","不错不错","1/4/2021 20:27:50"
"hfut","wtm","https://thirdwx.qlogo.cn/mmopen/vi_32/d8Hr6d65vUx31e2gsh11V0nzH6L9ibWYvfEwLud6uf3kaoVCMrjL13MYjyIXsxzVpoyicpJAtojq0ehxQHMkfVpg/132","干得好","1/4/2021 20:31:09"
"hfut","wtm","https://thirdwx.qlogo.cn/mmopen/vi_32/d8Hr6d65vUx31e2gsh11V0nzH6L9ibWYvfEwLud6uf3kaoVCMrjL13MYjyIXsxzVpoyicpJAtojq0ehxQHMkfVpg/132","漂亮","1/4/2021 20:32:41"
"hfut","wtm","https://thirdwx.qlogo.cn/mmopen/vi_32/d8Hr6d65vUx31e2gsh11V0nzH6L9ibWYvfEwLud6uf3kaoVCMrjL13MYjyIXsxzVpoyicpJAtojq0ehxQHMkfVpg/132","哈哈哈哈哈","1/4/2021 20:35:14"
"hfut","wtm","https://thirdwx.qlogo.cn/mmopen/vi_32/d8Hr6d65vUx31e2gsh11V0nzH6L9ibWYvfEwLud6uf3kaoVCMrjL13MYjyIXsxzVpoyicpJAtojq0ehxQHMkfVpg/132","ggggg","1/4/2021 22:11:37"
"hfut","wtm","https://thirdwx.qlogo.cn/mmopen/vi_32/d8Hr6d65vUx31e2gsh11V0nzH6L9ibWYvfEwLud6uf3kaoVCMrjL13MYjyIXsxzVpoyicpJAtojq0ehxQHMkfVpg/132","huivi","1/4/2021 22:12:05"
"hfut","wtm","https://thirdwx.qlogo.cn/mmopen/vi_32/d8Hr6d65vUx31e2gsh11V0nzH6L9ibWYvfEwLud6uf3kaoVCMrjL13MYjyIXsxzVpoyicpJAtojq0ehxQHMkfVpg/132","hd","1/4/2021 22:12:45"
"hfut","wtm","https://thirdwx.qlogo.cn/mmopen/vi_32/d8Hr6d65vUx31e2gsh11V0nzH6L9ibWYvfEwLud6uf3kaoVCMrjL13MYjyIXsxzVpoyicpJAtojq0ehxQHMkfVpg/132","hhhhbb","1/4/2021 22:12:53"
"hfut","wtm","https://thirdwx.qlogo.cn/mmopen/vi_32/d8Hr6d65vUx31e2gsh11V0nzH6L9ibWYvfEwLud6uf3kaoVCMrjL13MYjyIXsxzVpoyicpJAtojq0ehxQHMkfVpg/132","zbc","1/4/2021 22:13:29"
"合肥工业大学","微信用户","https://thirdwx.qlogo.cn/mmopen/vi_32/POgEwh4mIHO4nibH0KlMECNjjGxQUq24ZEaGT4poC6icRiccVGKSyXwibcPq4BWmiaIGuG1icwxaQX6grC9VemZoJ8rg/132","你好","2/4/2021 20:38:00"
"hfut","微信用户","https://thirdwx.qlogo.cn/mmopen/vi_32/POgEwh4mIHO4nibH0KlMECNjjGxQUq24ZEaGT4poC6icRiccVGKSyXwibcPq4BWmiaIGuG1icwxaQX6grC9VemZoJ8rg/132","你好","2/4/2021 20:38:27"
"hfut","微信用户","https://thirdwx.qlogo.cn/mmopen/vi_32/POgEwh4mIHO4nibH0KlMECNjjGxQUq24ZEaGT4poC6icRiccVGKSyXwibcPq4BWmiaIGuG1icwxaQX6grC9VemZoJ8rg/132","为啥没头像","2/4/2021 20:38:46"
"合肥工业大学","wtm","https://thirdwx.qlogo.cn/mmopen/vi_32/d8Hr6d65vUx31e2gsh11V0nzH6L9ibWYvfEwLud6uf3kaoVCMrjL13MYjyIXsxzVpoyicpJAtojq0ehxQHMkfVpg/132","哈哈哈哈","2/4/2021 21:46:09"
"合肥工业大学","wtm","https://thirdwx.qlogo.cn/mmopen/vi_32/d8Hr6d65vUx31e2gsh11V0nzH6L9ibWYvfEwLud6uf3kaoVCMrjL13MYjyIXsxzVpoyicpJAtojq0ehxQHMkfVpg/132","终于有了","2/4/2021 21:46:17"
"合肥工业大学","wtm","https://thirdwx.qlogo.cn/mmopen/vi_32/d8Hr6d65vUx31e2gsh11V0nzH6L9ibWYvfEwLud6uf3kaoVCMrjL13MYjyIXsxzVpoyicpJAtojq0ehxQHMkfVpg/132","真不错啊","3/4/2021 09:18:46"
"合肥工业大学","wtm","https://thirdwx.qlogo.cn/mmopen/vi_32/d8Hr6d65vUx31e2gsh11V0nzH6L9ibWYvfEwLud6uf3kaoVCMrjL13MYjyIXsxzVpoyicpJAtojq0ehxQHMkfVpg/132","不想上班呜呜呜呜","3/4/2021 09:18:57"
"undefined",,,"aaaaaaaaaaaaaaaaaaaaaaaaaaaaaaaaaaaaaaaaaaaaaaaaaaaaaaaaaaaaaaaaaaaaaaaaaaaaaaaaaaaaa","3/4/2021 09:41:25"
"undefined",,,"nihao","3/4/2021 09:41:52"
"undefined",,,"你好哈哈哈哈哈哈哈哈哈哈哈哈哈哈哈哈哈哈哈哈哈哈哈哈哈哈哈哈哈哈哈哈哈哈","3/4/2021 09:42:30"
"undefined",,,"你好","3/4/2021 09:42:49"
"合肥工业大学",,,"哈哈哈哈哈哈哈哈哈哈哈哈哈哈哈哈哈哈哈哈哈哈或或或或","3/4/2021 09:44:51"
"合肥工业大学",,,"D0JGPYQZ4H-eyJsaWNlbnNlSWQiOiJEMEpHUFlRWjRIIiwibGljZW5zZWVOYW1lIjoi5rC45LmF5r+A5rS7IGFqaWh1b8K3Y29tIiwiYXNzaWduZWVOYW1lIjoiIiwiYXNzaWduZWVFb","3/4/2021 09:46:09"
"合肥工业大学",,,"哈哈哈哈哈哈哈哈哈哈或或或或哈哈哈哈哈哈哈哈哈哈哈哈哈哈哈哈哈哈哈哈哈哈或或或或","3/4/2021 09:46:42"
"合肥工业大学","wtm","https://thirdwx.qlogo.cn/mmopen/vi_32/d8Hr6d65vUx31e2gsh11V0nzH6L9ibWYvfEwLud6uf3kaoVCMrjL13MYjyIXsxzVpoyicpJAtojq0ehxQHMkfVpg/132","哈哈哈哈哈哈哈哈哈哈或或或或哈哈哈哈哈哈哈哈哈哈哈哈哈哈哈哈哈哈哈哈哈哈或或或或或或或或或或或或或","3/4/2021 09:49:45"
"合肥工业大学","匿名用户","/images/微信.png","hhhhh","3/4/2021 16:24:47"
