"id","ut","level","type","region","tel","website"
"1","北京工业大学","211","理工类","北京朝阳区","010-67391609","http://admissions.bjut.edu.cn/"
"2","北京大学","985 211","综合类","北京海淀区","010-62751407,010-62554332","http://www.gotopku.cn"
"3","内蒙古大学","211","综合类","内蒙古赛罕区","0471-4993105,0471-4993164","http://zhaosheng.imu.edu.cn/"
"4","大连海事大学","211","理工类","辽宁甘井子区","0411-84727233,0411-84724303","http://bkzs.dlmu.edu.cn"
"5","哈尔滨工业大学","985 211","理工类","黑龙江南岗区","0451-86414671,0451-86414771","https://zsb.hit.edu.cn/"
"6","云南大学","211","综合类","云南呈贡区","0871-65033819,0871-65032173,0871-65939873","http://zsb.ynu.edu.cn/"
"7","长安大学","211","理工类","陕西","029-82334104,029-82334813","http://zsb.chd.edu.cn"
"8","西北大学","211","综合类","陕西碑林区","029-88302211,029-88303892","http://zsb.nwu.edu.cn/"
"9","北京交通大学","211","理工类","北京海淀区","010-51688441","https://zsw.bjtu.edu.cn"
"10","北京外国语大学","211","语言类","北京海淀区","010-88816254,010-88816481","http://joinus.bfsu.edu.cn"
"11","中央音乐学院","211","艺术类","北京西城区","010-66410968","http://zhaoban.ccom.edu.cn/login;JSESSIONID=54901193046a4433b0ff48dffa685a63"
"12","河北工业大学","211","理工类","天津北辰区","022-60438029,022-60438259","https://ugs.hebut.edu.cn/skip-page/recruitment-website.html?menuId=9"
"13","武汉大学","985 211","综合类","湖北武昌区","027-68754231","http://aoff.whu.edu.cn/"
"14","北京林业大学","211","农林类","北京海淀区","010-62338216,010-62338222","http://zsb.bjfu.edu.cn/f"
"15","湖南大学","985 211","综合类","湖南岳麓区","0731-88823560,0731-88823067,0731-88823578,0731-88823565","http://admi.hnu.edu.cn"
"16","中央民族大学","985 211","民族类","北京海淀区","010-68932902,010-68933922","http://zb.muc.edu.cn"
"17","中国人民大学","985 211","综合类","北京海淀区","400-012-3517","http://rdzs.ruc.edu.cn/cms/"
"18","北京航空航天大学","985 211","理工类","北京海淀区","010-82317695,010-82338793,010-82338240","http://zsjyc.buaa.edu.cn"
"19","北京邮电大学","211","理工类","北京海淀区","010-62282045,010-62283407","https://zsb.bupt.edu.cn/#1307"
"20","北京中医药大学","211","医药类","北京朝阳区","010-64286231","http://bkzs.bucm.edu.cn"
"21","辽宁大学","211","综合类","辽宁皇姑区","024-62202299","http://zs.lnu.edu.cn/"
"22","西南交通大学","211","理工类","四川郫都区","028-66366373,028-66366379,028-66368074","https://zhaosheng.swjtu.edu.cn/"
"23","北京师范大学","985 211","师范类","北京海淀区","010-58807962","https://admission.bnu.edu.cn/"
"24","对外经济贸易大学","211","财经类","北京朝阳区","010-64492178","http://zhaosheng.uibe.edu.cn"
"25","河北大学","普通本科","综合类","河北","0312-5079698","http://zhaoban.hbu.cn"
"26","河北科技大学","普通本科","理工类","河北","0311-81668135,0311-81668192","https://bkzs.hebust.edu.cn/"
"27","河北经贸大学","普通本科","财经类","河北","0311-87655611","http://zhaosheng.heuet.edu.cn"
"28","西安电子科技大学","211","理工类","陕西雁塔区","029-88202335,029-88204236","http://zsb.xidian.edu.cn"
"29","湖南师范大学","211","师范类","湖南","0731-8872222","http://zsb.hunnu.edu.cn"
"30","南开大学","985 211","综合类","天津南开区","022-23504845","http://zsb.nankai.edu.cn"
"31","天津大学","985 211","理工类","天津南开区","022-27405486","http://zs.tju.edu.cn/"
"32","中国海洋大学","985 211","综合类","山东崂山区","0532-66782426,0532-66782478,0532-66781723","http://bkzs.ouc.edu.cn"
"33","郑州大学","211","综合类","河南郑州高新技术产业开发区","0371-67781111,0371-67731111,0371-67783333","http://ao.zzu.edu.cn"
"34","合肥工业大学","211","理工类","安徽庐阳区","0551-62902397,0551-62902327","http://bkzs.hfut.edu.cn"
"35","滨州医学院","普通本科","医药类","山东莱山区","0535-6913058,0543-3257001","http://zb.bzmc.edu.cn/"
"36","德州学院","普通本科","综合类","山东","0534-2603002,0534-8987899","http://zsjy.dzu.edu.cn/"
"37","中国科学技术大学","985 211","理工类","安徽包河区","0551-63602553,0551-63602563","http://zsb.ustc.edu.cn"
"38","安徽大学","211","综合类","安徽","0551-63861666,0551-63861777","http://zsb.ahu.edu.cn"
"39","安徽理工大学","普通本科","理工类","安徽","0554-6668487,0554-6632810","http://zs.aust.edu.cn"
"40","安徽工业大学","普通本科","理工类","安徽","0555-2315270,0555-2315272,0555-2315351","http://zs.ahut.edu.cn"
"41","安徽农业大学","普通本科","农林类","安徽","0551-65786603,0551-65786135","http://zsb.ahau.edu.cn/"
"42","济南大学","普通本科","综合类","山东","0531-82765900,0531-82765901","http://admission.ujn.edu.cn/"
"43","安徽医科大学","普通本科","医药类","安徽","0551-65167746","http://zs.ahmu.edu.cn/"
"44","同济大学","985 211","理工类","上海杨浦区","021-65982643,021-65981513","https://bkzs.tongji.edu.cn/index.php?classid=3375"
"45","新疆大学","211","综合类","新疆天山区","0991-8585671,0991-8585300,0991-8586161","http://welcome.xju.edu.cn/web"
"46","上海交通大学医学院","普通本科","医药类","上海黄浦区","021-63846590-776118","https://www.shsmu.edu.cn/ygzs/"
"47","上海大学","211","综合类","上海宝山区","021-66134148","http://bkzsw.shu.edu.cn"
"48","南京航空航天大学","211","理工类","江苏秦淮区","025-84892899","http://zs.nuaa.edu.cn"
"49","天津医科大学","211","医药类","天津和平区","022-83336711","http://www.tmu.edu.cn/bkzs/"
"50","天津师范大学","普通本科","师范类","天津西青区","022-23541338,022-23767181","http://zsb.tjnu.edu.cn/"
"51","天津工业大学","普通本科","理工类","天津西青区","022-83955227","http://zsb.tjpu.edu.cn/"
"52","天津理工大学","普通本科","理工类","天津西青区","022-60216795","http://zsb.tjut.edu.cn/"
"53","天津科技大学","普通本科","理工类","天津河西区","022-60600336,022-28113336","http://zsb.tust.edu.cn/"
"54","天津财经大学","普通本科","财经类","天津河西区","022-28171399","http://zhaosheng.tjufe.edu.cn/"
"55","天津商业大学","普通本科","财经类","天津北辰区","022-26656785","http://zs.tjcu.edu.cn"
"56","江南大学","211","综合类","江苏滨湖区","0510-85915666","https://admission.jiangnan.edu.cn/"
"57","天津外国语大学","普通本科","语言类","天津河西区","022-23247377","http://zsb.tjfsu.edu.cn/"
"58","中国民航大学","普通本科","理工类","天津东丽区","022-24092126","https://www.cauc.edu.cn/zsb/"
"59","天津中医药大学","普通本科","医药类","天津静海区","022-59596333,022-27429103","http://zsjy.tjutcm.edu.cn"
"60","天津职业技术师范大学","普通本科","师范类","天津河西区","400-022-9678","https://zb.tute.edu.cn/"
"61","天津城建大学","普通本科","综合类","天津西青区","022-23771790","http://recruit.tcu.edu.cn/"
"62","天津体育学院","普通本科","体育类","天津河西区","022-23015120","http://zb.tjus.edu.cn/"
"63","天津农学院","普通本科","农林类","天津西青区","022-23799551,022-23792191","http://zjb.tjau.edu.cn/zsw.htm"
"64","天津音乐学院","普通本科","艺术类","天津河东区","022-24160044","http://www.tjcm.edu.cn/zsxx/bkzs.htm"
"65","天津美术学院","普通本科","艺术类","天津河北区","022-26241719","http://zsbgs.tjarts.edu.cn/index/bkzs.htm"
"66","广西大学","211","综合类","广西西乡塘区","0771-3232999","http://zs.gxu.edu.cn"
"67","兰州大学","985 211","综合类","甘肃城关区","0931-8912116,0931-8912748","http://zsb.lzu.edu.cn"
"68","华南师范大学","211","综合类","广东天河区","020-85211098,020-85211097","http://zsb.scnu.edu.cn"
"69","四川大学","985 211","综合类","四川武侯区","028-86081605,028-86080605","http://zs.scu.edu.cn"
"70","四川农业大学","211","农林类","四川温江区","028-86290999,028-86291999","http://zs.sicau.edu.cn/"
"71","西南财经大学","211","财经类","四川青羊区","028-87092355,028-87092897,028-8709291","https://zb.swufe.edu.cn/"
"72","厦门大学","985 211","综合类","福建思明区","0592-2188888,0592-2180256","https://zsb.xmu.edu.cn/"
"73","福州大学","211","理工类","福建鼓楼区","0591-22866857,0591-22867800","http://zsks.fzu.edu.cn/"
"74","中山大学","985 211","综合类","广东","020-84036491,020-84111598","http://admission.sysu.edu.cn"
"75","华南理工大学","985 211","理工类","广东天河区","020-87110737","http://admission.scut.edu.cn/"
"76","暨南大学","211","综合类","广东天河区","020-85220130,020-85221340","https://zsb.jnu.edu.cn"
"77","西北工业大学","985 211","理工类","陕西碑林区","029-88460206,029-88492310","http://zsb.nwpu.edu.cn"
"78","南昌大学","211","综合类","江西青山湖区","0791-88305092,0791-88304443","http://zjc.ncu.edu.cn/zs/"
"79","东南大学","985 211","综合类","江苏玄武区","400-6910286,025-52090271","https://zsb.seu.edu.cn/"
"80","中国矿业大学","211","综合类","江苏铜山区","0516-83591555,0516-83591666","http://zs.cumt.edu.cn"
"81","南京大学","985 211","综合类","江苏鼓楼区","400-185-9680","http://bkzs.nju.edu.cn"
"82","南京理工大学","211","理工类","江苏玄武区","400-110-2882,025-84432546","http://zsb.njust.edu.cn/"
"83","南京农业大学","211","农林类","江苏玄武区","400-112-0200,025-84399789,025-84396458","http://zsxx.njau.edu.cn"
"84","浙江大学","985 211","综合类","浙江西湖区","0571-87951006,0571-88981979","http://zdzsc.zju.edu.cn"
"85","南京师范大学","211","师范类","江苏栖霞区","025-83720759","http://bkzs.njnu.edu.cn"
"86","河海大学","211","理工类","江苏江宁区","025-58099483,025-58099489","http://zsw.hhu.edu.cn"
"87","中国药科大学","211","医药类","江苏鼓楼区","025-83271319,025-83271422","http://zb.cpu.edu.cn"
"88","苏州大学","211","综合类","江苏","0512-67507943,0512-67507949","http://zsb.suda.edu.cn"
"89","重庆大学","985 211","综合类","重庆沙坪坝区","023-65102371,023-65102370","http://zhaosheng.cqu.edu.cn"
"90","中国石油大学（华东）","211","理工类","山东黄岛区","0532-86981305,0532-86983086","http://zhaosheng.upc.edu.cn/"
"91","中国地质大学（武汉）","211","理工类","湖北洪山区","027-67848570,027-67883687","http://zhaosheng.cug.edu.cn/"
"92","吉林大学","985 211","综合类","吉林朝阳区","0431-85166420,0431-85166226","http://zsb.jlu.edu.cn"
"93","中南大学","985 211","综合类","湖南","0731-88830995","http://zhaosheng.csu.edu.cn/"
"94","哈尔滨工程大学","211","理工类","黑龙江南岗区","0451-82519740,0451-82519222","https://zsb.hrbeu.edu.cn/"
"95","上海交通大学","985 211","综合类","上海闵行区","021-34200000,021-34207255","http://admissions.sjtu.edu.cn"
"96","山东大学","985 211","综合类","山东历城区","0531-88364391","http://www.bkzs.sdu.edu.cn/"
"97","华中科技大学","985 211","理工类","湖北洪山区","027-87557014,027-87542228","http://zsb.hust.edu.cn/"
"98","武汉理工大学","211","理工类","湖北洪山区","027-87859017,027-87858399","http://zs.whut.edu.cn"
"99","延边大学","211","综合类","吉林延吉市","0433-2732477","http://zsb.ybu.edu.cn/"
"100","上海财经大学","211","财经类","上海杨浦区","021-65904372,021-65901267","https://zs.sufe.edu.cn/"
"101","华东师范大学","985 211","师范类","上海闵行区","021-62232212","https://zsb.ecnu.edu.cn/webapp/index-new.jsp"
"102","复旦大学","985 211","综合类","上海杨浦区","021-55666668,021-55664345","http://www.ao.fudan.edu.cn/index.html"
"103","华东理工大学","211","理工类","上海徐汇区","021-64252763","https://zsb.ecust.edu.cn/"
"104","东北大学","985 211","理工类","辽宁和平区","024-83687392,024-23891272","http://zs.neu.edu.cn/"
"105","东华大学","211","理工类","上海松江区","021-62379160","http://zs.dhu.edu.cn"
"106","上海外国语大学","211","语言类","上海虹口区","021-55383668,021-55386006","http://admissions.shisu.edu.cn"
"107","东北农业大学","211","农林类","黑龙江香坊区","0451-55190419","http://zsb.neau.edu.cn/"
"108","大连理工大学","985 211","理工类","辽宁甘井子区","0411-84708375","http://zs.dlut.edu.cn/"
"109","太原理工大学","211","理工类","山西迎泽区","0351-6014101,0351-6014965,0351-6014020","http://zs.tyut.edu.cn/"
"110","清华大学","985 211","综合类","北京海淀区","010-62782051,010-62770334","http://www.join-tsinghua.edu.cn"
"111","东北师范大学","211","师范类","吉林南关区","400-900-9663","http://zsb.nenu.edu.cn"
"112","北京理工大学","985 211","理工类","北京海淀区","010-68913345,010-68949926","http://admission.bit.edu.cn"
"113","北京科技大学","211","理工类","北京海淀区","010-62325294,010-62332893","http://zhaosheng.ustb.edu.cn"
"114","南京工程学院","普通本科","理工类","江苏","025-86118008,025-86118009","http://zsb.njit.edu.cn"
"115","南京晓庄学院","普通本科","师范类","江苏江宁区","025-86178292,025-86178888","http://zhaosheng.njxzc.edu.cn/"
"116","常州工学院","普通本科","理工类","江苏","0519-88510088","http://zsw.czu.cn"
"117","南京艺术学院","普通本科","艺术类","江苏","025-83498055,025-83498382","http://zhaosheng.nua.edu.cn/"
"118","江苏理工学院","普通本科","理工类","江苏","051986999551","http://zs.jsut.edu.cn"
"119","南京审计大学","普通本科","财经类","江苏浦口区","025-58318189,025-58318196","http://zs.nau.edu.cn"
"120","淮阴工学院","普通本科","理工类","江苏清江浦区","0517-83591026,0517-83591073","http://zjc.hyit.edu.cn"
"121","盐城师范学院","普通本科","师范类","江苏","0515-88233059,0515-88223919","http://zs.yctc.edu.cn"
"122","盐城工学院","普通本科","理工类","江苏","0515-88298060","http://zjb.ycit.cn"
"123","常州大学","普通本科","理工类","江苏","0519-86334485,0519-86330566","http://cdzs.cczu.edu.cn/"
"124","华东交通大学","普通本科","理工类","江西","0791-87046576","http://zjc.ecjtu.edu.cn/recruit/index"
"125","徐州医科大学","普通本科","医药类","江苏鼓楼区","0516-83262666","http://zsb.xzhmu.edu.cn"
"126","杭州电子科技大学","普通本科","理工类","浙江","0571-86915007","http://zhaosheng.hdu.edu.cn"
"127","南京邮电大学","普通本科","理工类","江苏","025-85866669,025-85866668","http://zs.njupt.edu.cn/"
"128","江苏科技大学","普通本科","理工类","江苏","0511-84401065","http://zs.just.edu.cn/"
"129","南京中医药大学","普通本科","医药类","江苏栖霞区","025-85811852,17826007720,17826007721","http://zs.njucm.edu.cn"
"130","苏州科技大学","普通本科","综合类","江苏虎丘区","0512-68096117","http://zsb.usts.edu.cn"
"131","南京财经大学","普通本科","财经类","江苏","400-025-0365","http://bkzs.nufe.edu.cn/"
"132","江西理工大学","普通本科","理工类","江西","0797-8312508,0797-8312088","https://zs.jxust.edu.cn/"
"133","南京信息工程大学","普通本科","理工类","江苏","025-58731378,025-58731333","http://zs.nuist.edu.cn"
"134","江苏师范大学","普通本科","师范类","江苏","0516-83403064","http://bkzs.jsnu.edu.cn"
"135","南京医科大学","普通本科","医药类","江苏江宁区","025-86869191","http://zs.njmu.edu.cn"
"136","南京林业大学","普通本科","农林类","江苏","025-85427320,400-928-1115","http://zsb.njfu.edu.cn/"
"137","江苏大学","普通本科","综合类","江苏","400-0511-365,0511-88780048","http://zb.ujs.edu.cn"
"138","南京工业大学","普通本科","理工类","江苏","025-58139090","http://zhaosheng.njtech.edu.cn"
"139","江西农业大学","普通本科","农林类","江西","0791-83813214","http://zs.jxau.edu.cn/"
"140","扬州大学","普通本科","综合类","江苏","0514-87991290,0514-87990685,0514-87990230,0514-879","http://zhaoban.yzu.edu.cn/"
"141","江西师范大学","普通本科","师范类","江西","0791-88120152,0791-88120151","http://zs.jxnu.edu.cn"
"142","江西财经大学","普通本科","财经类","江西","0791-83816635","http://zsjy.jxufe.edu.cn/web/index.html"
"143","东华理工大学","普通本科","理工类","江西东湖区","0791-83897952,0791-83898005,0791-83897751","https://zsb.ecut.edu.cn/"
"144","南昌航空大学","普通本科","理工类","江西","0791-83957505,0791-83863927","http://zjw.nchu.edu.cn/"
"145","重庆医科大学","普通本科","医药类","重庆渝中区","023-68485358,023-65714673","https://bzkzs.cqmu.edu.cn/"
"146","重庆师范大学","普通本科","师范类","重庆沙坪坝区","023-65911111","https://zsb.cqnu.edu.cn/"
"147","西南政法大学","普通本科","政法类","重庆渝北区","023-67258088,023-67258828","http://zs.swupl.edu.cn/"
"148","南京体育学院","普通本科","体育类","江苏","025-84755150","http://zs.nipes.cn"
"149","景德镇陶瓷大学","普通本科","理工类","江西","0798-8499720,0798-8463033","http://zs.jci.edu.cn/"
"150","重庆邮电大学","普通本科","理工类","重庆南岸区","023-62468661,023-62468662","http://zs.cqupt.edu.cn/"
"151","江西中医药大学","普通本科","医药类","江西东湖区","0791-87119528,0791-87119529","https://zjc.jxutcm.edu.cn/ZSystem/z.aspx"
"152","上饶师范学院","普通本科","师范类","江西信州区","0793-8150684,0793-8154858,0793-8153941","http://zsjy.sru.jx.cn"
"153","重庆理工大学","普通本科","理工类","重庆巴南区","023-68822995,023-68654964","https://zs.cqut.edu.cn/"
"154","辽东学院","普通本科","综合类","辽宁振安区","0415-3789103,0415-3789102","http://www.elnu.edu.cn/zsw/"
"155","赣南师范大学","普通本科","师范类","江西","0797-8393638","http://zs.gnnu.cn/"
"156","江西科技师范大学","普通本科","师范类","江西","0971-83835961,0971-83805935","http://zsjy.jxstnu.edu.cn"
"157","长江师范学院","普通本科","师范类","重庆涪陵区","023-72791999","http://zsb.yznu.cn/"
"158","宜春学院","普通本科","综合类","江西奉新县","0795-3201926,0795-3201962",
"159","四川外国语大学","普通本科","语言类","重庆沙坪坝区","023-65385206,023-65383326","http://zs.sisu.edu.cn/"
"160","九江学院","普通本科","综合类","江西武宁县","0792-8310030,0792-8310031","https://zs.jju.edu.cn/"
"161","赣南医学院","普通本科","医药类","江西","0797-8269722,0797-8269755","http://zs.gmu.cn/"
"162","四川美术学院","普通本科","艺术类","重庆沙坪坝区","023-65921056,023-65921055","https://www.scfai.edu.cn/zhaosheng.htm"
"163","井冈山大学","普通本科","综合类","江西青原区","0796-8116983,0796-8100735,0796-8110323","http://zs.jgsu.edu.cn"
"164","重庆三峡学院","普通本科","综合类","重庆万州区","023-58102264,023-58106645,023-58106702,023-58102342,023-58102133","http://www.sanxiau.edu.cn/zsb/"
"165","石河子大学","211","综合类","新疆石河子市","0993-2092827,0993-2057933,0993-2022703","http://zsb.shzu.edu.cn/"
"166","鲁迅美术学院","普通本科","艺术类","辽宁","024-23930671",
"167","中国刑事警察学院","普通本科","政法类","辽宁","024-86982243","http://zsjy.cipuc.edu.cn/"
"168","沈阳医学院","普通本科","医药类","辽宁","024-62215829,024-62215696","http://zssy.symc.edu.cn/"
"169","沈阳体育学院","普通本科","体育类","辽宁苏家屯区","024-89166657,024-89166657","http://zs.syty.edu.cn"
"170","鞍山师范学院","普通本科","师范类","辽宁","0412-2961701,0412-2960989","http://zsw.asnc.edu.cn/"
"171","辽宁中医药大学","普通本科","医药类","辽宁皇姑区","024-31207666,024-31207248","http://lnzyydxzs.bysjy.com.cn/recruit/index/index"
"172","沈阳音乐学院","普通本科","艺术类","辽宁和平区","024-23894405","http://www.sycm.edu.cn/info.aspx?DWid=66"
"173","锦州医科大学","普通本科","医药类","辽宁","0416-4673436,0416-4673536","http://jzmuzs.university-hr.com/"
"174","大连民族大学","普通本科","民族类","辽宁","0411-87656067","http://zs.dlnu.edu.cn"
"175","沈阳航空航天大学","普通本科","理工类","辽宁沈北新区","024-89724466","http://zs.sau.edu.cn/"
"176","大连海洋大学","普通本科","农林类","辽宁","0411-84763156,0411-84763157,0411-84763158","http://zsjy.dlou.edu.cn/"
"177","大连工业大学","普通本科","理工类","辽宁甘井子区","0411-86323661,0411-86323693","http://zsb.dep.dlpu.edu.cn/"
"178","沈阳建筑大学","普通本科","理工类","辽宁浑南区","024-24693969","http://111.117.146.136/Portal/Default.aspx"
"179","辽宁工业大学","普通本科","理工类","辽宁古塔区","0416-4198703,0416-4198701","https://zjc.lnut.edu.cn/index/zsw/index.htm"
"180","渤海大学","普通本科","综合类","辽宁","0416-3400131,0416-3400132","http://zsxx.bhu.edu.cn/page/depart/zsxx/benke/"
"181","沈阳化工大学","普通本科","理工类","辽宁","024-89388461,024-89388469","http://zhaosheng.syuct.edu.cn"
"182","大连外国语大学","普通本科","语言类","辽宁","0411-86111157,0411-86111158","http://zsb.dlufl.edu.cn"
"183","沈阳理工大学","普通本科","理工类","辽宁浑南区","024-24686088","http://zs.sylu.edu.cn/"
"184","大连大学","普通本科","综合类","辽宁金州区","0411-87403633,0411-87403668","http://zsw.dlu.edu.cn/"
"185","大连医科大学","普通本科","医药类","辽宁","0411-86110222","http://recruit.dmu.edu.cn/"
"186","大连交通大学","普通本科","理工类","辽宁沙河口区","0411-84106239,0411-84109197","http://recruit.djtu.edu.cn/"
"187","沈阳师范大学","普通本科","师范类","辽宁皇姑区","024-86574436,024-86592067,024-86592982","http://zs.synu.edu.cn"
"188","辽宁科技大学","普通本科","理工类","辽宁","0412-5929096","http://zsjy.ustl.edu.cn/index.htm"
"189","辽宁石油化工大学","普通本科","综合类","辽宁望花区","024-56865000,024-56860886","http://zhaosheng.lnpu.edu.cn/"
"190","沈阳大学","普通本科","综合类","辽宁大东区","024-62268563,024-62721597","https://zsjy.syu.edu.cn/zsxxw.htm"
"191","辽宁师范大学","普通本科","师范类","辽宁沙河口区","0411-82158993","http://zsb.lnnu.edu.cn/"
"192","沈阳药科大学","普通本科","医药类","辽宁沈河区","024-43520666","http://zs.syphu.edu.cn/"
"193","沈阳工业大学","普通本科","理工类","辽宁","024-25494802,024-25496072","http://zsxxw.sut.edu.cn/"
"194","沈阳农业大学","普通本科","农林类","辽宁沈河区","024-88490405","http://zs.syau.edu.cn"
"195","东北财经大学","普通本科","财经类","辽宁沙河口区","0411-84710258,0411-84710259","http://zjc.dufe.edu.cn/zsgz/"
"196","中国医科大学","普通本科","医药类","辽宁沈北新区","024-31939069","http://www.cmu.edu.cn/bkzs/"
"197","西南民族大学","普通本科","民族类","四川","028-85522012,028-85522089","http://zs.swun.edu.cn"
"198","成都理工大学","普通本科","理工类","四川成华区","028-84078927","http://www.zs.cdut.edu.cn"
"199","新疆农业大学","普通本科","农林类","新疆","0991-8763007,0991-8750045","http://aoff.xjau.edu.cn"
"200","新疆医科大学","普通本科","医药类","新疆","0991-4362444,0991-4361705","http://xsc.xjmu.edu.cn/zsxx1.htm"
"201","新疆师范大学","普通本科","师范类","新疆","0991-4332596,0991-4312920","http://zhaosheng.xjnu.edu.cn"
"202","喀什大学","普通本科","师范类","新疆","0998-2892165,0998-2892386,0998-2890007","http://xgb.ksu.edu.cn/zsjy/bkszs.htm"
"203","新疆财经大学","普通本科","财经类","新疆","0991-7804693,0991-7842094","http://zsjy.xjufe.edu.cn/"
"204","新疆艺术学院","普通本科","艺术类","新疆沙依巴克区","0991-2554104","http://zsjy.xjart.edu.cn/"
"205","昌吉学院","普通本科","综合类","新疆","0994-2337793,0994-2334181","http://www.cjc.edu.cn/info/653"
"206","宁波大学","普通本科","综合类","浙江江北区","0574-87600233,0574-87609301","http://zsb.nbu.edu.cn"
"207","浙江师范大学","普通本科","师范类","浙江","0579-82282245,0579-82282335","http://zs.zjnu.edu.cn"
"208","浙江工业大学","普通本科","理工类","浙江","0571-88320032,0571-88320501","http://zs.zjut.edu.cn"
"209","浙江理工大学","普通本科","理工类","浙江","0571-86843333,0571-86843999","http://zs.zstu.edu.cn"
"210","嘉兴学院","普通本科","综合类","浙江","0573-83640000","http://zsb.zjxu.edu.cn/"
"211","西华大学","普通本科","综合类","四川金牛区","028-87720097,028-87720918","http://zb.xhu.edu.cn"
"212","浙江科技学院","普通本科","理工类","浙江","0571-85070165,0571-85071165","http://zsb.zust.edu.cn"
"213","中国计量大学","普通本科","理工类","浙江江干区","0571-86836060,0571-86836014","http://zs.cjlu.edu.cn"
"214","浙江海洋大学","普通本科","农林类","浙江定海区","0580-2550022,0580-8180821","http://zs.zjou.edu.cn"
"215","浙江农林大学","普通本科","农林类","浙江","0571-63730908,0571-63737417","http://zs.zafu.edu.cn/"
"216","浙江中医药大学","普通本科","医药类","浙江","0571-86613520","https://zsb.zcmu.edu.cn/"
"217","温州医科大学","普通本科","医药类","浙江瓯海区","0577-86689885,0577-86689900","http://zhaosheng.wmu.edu.cn/"
"218","杭州师范大学","普通本科","师范类","浙江余杭区","0571-28865193,0571-28865518","http://bkzs.hznu.edu.cn"
"219","湖州师范学院","普通本科","师范类","浙江","0572-2599888,0572-2322001","http://zsw.zjhu.edu.cn"
"220","台州学院","普通本科","综合类","浙江椒江区","0576-88669696,0576-85137102","https://zs.tzc.edu.cn/"
"221","绍兴文理学院","普通本科","师范类","浙江","0575-88345555,0575-88364492","http://zs.usx.edu.cn"
"222","温州大学","普通本科","综合类","浙江","0577-86680800","http://zs.wzu.edu.cn/"
"223","浙江工商大学","普通本科","财经类","浙江","0571-28877228,0571-86989998","http://zhaoban.zjsu.edu.cn"
"224","浙江财经大学","普通本科","财经类","浙江","0571-87557465,0571-87557466","http://zs.zufe.edu.cn/"
"225","中国美术学院","普通本科","艺术类","浙江上城区","0571-87164630","http://zb.caa.edu.cn"
"226","浙江万里学院","普通本科","理工类","浙江","0574-88222066,0574-88222065","http://zsw.zwu.edu.cn/bkszsw/main.psp"
"227","山西大学","普通本科","综合类","山西晋源区","0351-7010288","http://bkzs.sxu.edu.cn"
"228","西南科技大学","普通本科","理工类","四川涪城区","0816-6089071,0816-6089080","http://zs.swust.edu.cn"
"229","成都中医药大学","普通本科","医药类","四川温江区","028-61800090","http://xsc.cdutcm.edu.cn:51353/zsPortal/#/Home"
"230","四川师范大学","普通本科","师范类","四川锦江区","028-84768899,028-84767065","http://zs.sicnu.edu.cn/(S(kzduciksp4tle100b4aoxkhi))/index.aspx"
"231","西华师范大学","普通本科","师范类","四川","0817-2568373,0817-2568301","http://cwnuzstest.good-edu.cn/default.php"
"232","中国民用航空飞行学院","普通本科","理工类","四川","0838-5182078","http://zsc.cafuc.edu.cn"
"233","西南石油大学","普通本科","综合类","四川新都区","028-83032224,028-83032001","http://zsb.swpu.edu.cn/"
"234","山西农业大学","普通本科","农林类","山西","0354-6288909","http://zsb.sxau.edu.cn/bkszs/sy.htm"
"235","成都信息工程大学","普通本科","理工类","四川","028-85966857,028-85968271","http://zhinengdayi.com/cuit"
"236","山西医科大学","普通本科","医药类","山西","0351-3985076","http://www.sxmu.edu.cn/bks/"
"237","山西师范大学","普通本科","师范类","山西","0357-2051067,0357-2580836","http://zsb.sxnu.edu.cn/"
"238","四川轻化工大学","普通本科","理工类","四川自流井区","0813-5505999,0813-5505678","http://zjc.suse.edu.cn/"
"239","西南医科大学","普通本科","医药类","四川","0830-3161658","http://zsxxw.swmu.edu.cn/"
"240","山西财经大学","普通本科","财经类","山西","0351-7666571,0351-7666563,0351-7666573","http://zhaosheng.sxufe.edu.cn/?yikikata=77a31b6d-ce3a5067d200d7a1aec464d12c75bb2d"
"241","川北医学院","普通本科","医药类","四川嘉陵区","0817-2242705","https://admission.nsmc.edu.cn/"
"242","中北大学","普通本科","理工类","山西","0351-3922280,0351-3924418","http://zbzs.nuc.edu.cn"
"243","太原科技大学","普通本科","理工类","山西万柏林区","0351-6998011,0351-6998013,0351-6963311","https://zsb.tyust.edu.cn/"
"244","长治医学院","普通本科","医药类","山西长治县","0355-3012393,0355-3151476","http://zsjy.czmc.com/"
"245","忻州师范学院","普通本科","师范类","山西","0350-3611123,0350-3339098","http://zs.xztu.edu.cn/"
"246","山西大同大学","普通本科","综合类","山西城区","0352-7563686","http://sxdtdxzs.university-hr.com/"
"247","太原师范学院","普通本科","师范类","山西","0351-2506580","https://zjc.tynu.edu.cn/Default_Adm.html"
"248","汕头大学","普通本科","其他","广东","0754-86503666,0754-82510510","http://zs.stu.edu.cn"
"249","深圳大学","普通本科","综合类","广东","0755-26536235","http://zs.szu.edu.cn"
"250","五邑大学","普通本科","综合类","广东蓬江区","0750-3296263,0750-3296265","http://www.wyu.edu.cn/zsb/"
"251","广东工业大学","普通本科","理工类","广东","020-39322681,020-39322680","http://zsb.gdut.edu.cn"
"252","华南农业大学","普通本科","综合类","广东天河区","020-85283652,020-85288053","http://zsb.scau.edu.cn"
"253","广东海洋大学","普通本科","综合类","广东","0759-2396115","http://zsjy.gdou.edu.cn/"
"254","广州中医药大学","普通本科","医药类","广东","020-39357999,020-39357088","https://xsc.gzucm.edu.cn/bzkzs/zsxx/zszc.htm"
"255","广东外语外贸大学","普通本科","语言类","广东","020-36204310,020-36207054","http://zsb.gdufs.edu.cn"
"256","东莞理工学院","普通本科","理工类","广东","0769-22861919,0769-22861918","http://zsb.dgut.edu.cn/"
"257","广东石油化工学院","普通本科","综合类","广东","0668-2923508,0668-2981099","http://zs.gdupt.edu.cn"
"258","广州大学","普通本科","综合类","广东","020-39366232","http://zsjy.gzhu.edu.cn"
"259","广东医科大学","普通本科","医药类","广东","0769-22896175","http://zs.gdmu.edu.cn"
"260","广州医科大学","普通本科","医药类","广东","020-81340278,020-37103483","http://zs.gzhmu.edu.cn"
"261","广东药科大学","普通本科","医药类","广东","020-39352027,020-39353293","http://zsb.gdpu.edu.cn"
"262","韩山师范学院","普通本科","师范类","广东","0768-2525449","http://zsb.hstc.edu.cn"
"263","韶关学院","普通本科","综合类","广东","0751-8120024","http://zs.sgu.edu.cn"
"264","岭南师范学院","普通本科","师范类","广东","0759-3183189,0759-3183211","http://zsb.lingnan.edu.cn"
"265","惠州学院","普通本科","综合类","广东惠城区","0752-2527803","http://zs.hzu.edu.cn/"
"266","嘉应学院","普通本科","综合类","广东","0753-2186877,0753-2186713","http://zs.jyu.edu.cn"
"267","广东财经大学","普通本科","财经类","广东","020-84096844","http://zsb.gdufe.edu.cn"
"268","广州体育学院","普通本科","体育类","广东天河区","020-38024685,020-38027983","http://gtzs.gipe.edu.cn/"
"269","广州美术学院","普通本科","艺术类","广东","020-84017740","http://zs.gzarts.edu.cn/"
"270","星海音乐学院","普通本科","艺术类","广东花都区","020-39363666","http://www.xhzsb.com"
"271","佛山科学技术学院","普通本科","理工类","广东","0757-83989841,0757-82982304","https://zsb.fosu.edu.cn"
"272","上海理工大学","普通本科","理工类","上海杨浦区","021-55270799","http://zhaoban.usst.edu.cn/"
"273","上海工程技术大学","普通本科","理工类","上海松江区","021-62750183","https://zsb.sues.edu.cn/webrecruit/index.do"
"274","上海海洋大学","普通本科","综合类","上海浦东新区","021-61900607,021-61900608,021-61900609","https://zsjy.shou.edu.cn/"
"275","上海中医药大学","普通本科","医药类","上海浦东新区","021-51322028","http://ygzs.shutcm.edu.cn/"
"276","上海师范大学","普通本科","综合类","上海徐汇区","021-64322695","http://ssdzsb.shnu.edu.cn"
"277","上海第二工业大学","普通本科","理工类","上海浦东新区","021-50217411,021-50214975","http://zsb.sspu.edu.cn/"
"278","上海海事大学","普通本科","理工类","上海浦东新区","021-38282000","http://admission.shmtu.edu.cn/"
"279","安徽师范大学","普通本科","师范类","安徽","0553-5910161","http://zsxx.ahnu.edu.cn/"
"280","上海应用技术大学","普通本科","理工类","上海奉贤区","021-64941403,021-64948576,021-64948577,021-64940020,021-64940021","https://adm.sit.edu.cn/"
"281","安徽工程大学","普通本科","理工类","安徽","0553-2871043","http://zsb.ahpu.edu.cn"
"282","上海电力大学","普通本科","理工类","上海杨浦区","021-35303755","https://zs.shiep.edu.cn/"
"283","上海对外经贸大学","普通本科","财经类","上海松江区","021-67703050","http://zhaosheng.suibe.edu.cn/"
"284","上海立信会计金融学院","普通本科","财经类","上海黄浦区","021-50218552,021-67705112","http://zhaosheng.lixin.edu.cn/"
"285","安徽建筑大学","普通本科","理工类","安徽","0551-63828083","http://www.ahjzu.edu.cn/zsw/main.htm"
"286","华东政法大学","普通本科","政法类","上海松江区","021-57090220","http://zsb.ecupl.edu.cn/"
"287","上海体育学院","普通本科","体育类","上海杨浦区","021-65506175","http://bkzs.sus.edu.cn"
"288","皖南医学院","普通本科","医药类","安徽","0553-3932637","http://zsb.wnmc.edu.cn"
"289","上海音乐学院","普通本科","艺术类","上海徐汇区","021-64376411","http://www.shcmusic.edu.cn"
"290","上海戏剧学院","普通本科","艺术类","上海静安区","021-62488077","http://zs.sta.edu.cn"
"291","淮北师范大学","普通本科","综合类","安徽","0561-3803276,0561-3802146","http://zsb.chnu.edu.cn/"
"292","上海杉达学院","普通本科","财经类","上海浦东新区","021-50210894,0573-84239202","https://zsw.sandau.edu.cn/"
"293","西安交通大学","985 211","综合类","陕西碑林区","029-82668320","http://zs.xjtu.edu.cn/"
"294","安徽科技学院","普通本科","综合类","安徽","0550-6732041,0552-3197041","http://www.ahstu.edu.cn/zsc/"
"295","西北农林科技大学","985 211","农林类","陕西杨陵区","029-87091406,029-87091407,029-87091408,029-87091409","http://zhshw.nwsuaf.edu.cn"
"296","淮南师范学院","普通本科","师范类","安徽","0554-6863550","http://zsb.hnnu.edu.cn/"
"297","陕西师范大学","211","师范类","陕西长安区","029-85310330,029-85310188","http://zsb.snnu.edu.cn"
"298","安徽财经大学","普通本科","财经类","安徽","0552-3176767,0552-3177676","http://zsjy.aufe.edu.cn/"
"299","延安大学","普通本科","综合类","陕西宝塔区","0911-2332050,18709110037","http://zsw.yau.edu.cn"
"300","皖西学院","普通本科","综合类","安徽","0564-3305015,0564-3305004","https://zsb.wxc.edu.cn/"
"301","合肥学院","普通本科","综合类","安徽巢湖市","0551-62158118,0551-62159118","http://www.hfuu.edu.cn/zs/"
"302","巢湖学院","普通本科","综合类","安徽巢湖市","0551-82361303,0551-82361098","https://www.chu.edu.cn/zsw/"
"303","铜陵学院","普通本科","财经类","安徽铜官区","0562-5883647,0562-5881020,0562-5881961","http://zsb.tlu.edu.cn"
"304","黄山学院","普通本科","综合类","安徽","0559-2546568","https://zsb.hsu.edu.cn/"
"305","昆明理工大学","普通本科","理工类","云南","0871-5194108,0871-65192860","http://www.kmust.edu.cn/zsjy/bkszs.htm"
"306","云南农业大学","普通本科","农林类","云南盘龙区","0871-65227706,0871-65226172","http://zjc.ynau.edu.cn"
"307","云南师范大学","普通本科","师范类","云南呈贡区","0871-65912887,0871-65910379","http://zsc.ynnu.edu.cn"
"308","云南民族大学","普通本科","民族类","云南","0871-5172133","http://zsjyc.ynni.edu.cn/"
"309","西南林业大学","普通本科","农林类","云南盘龙区","0871-3863101,0871-63863200","http://zb.swfu.edu.cn/"
"310","昆明医科大学","普通本科","医药类","云南","0871-65922957,13708407471","http://www.kmmu.edu.cn/zsb"
"311","云南中医药大学","普通本科","医药类","云南呈贡区","0871—65918999","http://www.zsb.ynutcm.edu.cn/"
"312","西安理工大学","普通本科","理工类","陕西","029-82312504","http://zhaosheng.xaut.edu.cn/"
"313","玉溪师范学院","普通本科","师范类","云南红塔区","0877-2057041,0877-2050750","http://zb.yxnu.net/"
"314","西安建筑科技大学","普通本科","理工类","陕西碑林区","029-82202288,029-82205014","http://zhaosheng.xauat.edu.cn/"
"315","西安科技大学","普通本科","理工类","陕西","029-85583041","http://zs.xust.edu.cn"
"316","楚雄师范学院","普通本科","师范类","云南","0878-3129000,0878-3100887","http://zs.cxtc.edu.cn"
"317","西安石油大学","普通本科","理工类","陕西","029-88382310,029-81469808","http://zb.xsyu.edu.cn"
"318","红河学院","普通本科","综合类","云南红河县","0873-3694008","http://zs.uoh.edu.cn/"
"319","云南财经大学","普通本科","财经类","云南","0871-65132629","http://202.203.193.167/YnufeZS/Web/Home/Index"
"320","陕西科技大学","普通本科","理工类","陕西","029-86168100,029-86168101","http://zsxx.sust.edu.cn/"
"321","西安工程大学","普通本科","理工类","陕西","029-82330087","http://zsb.xpu.edu.cn/"
"322","云南警官学院","普通本科","政法类","云南","0871-65125133,0871-65188859","http://www.ynpc.edu.cn/site/ypoa/bkszs/index.html"
"323","云南艺术学院","普通本科","艺术类","云南呈贡区","0871-65937127,0871-65937128","http://zs.ynart.edu.cn/bkzs.htm"
"324","西安工业大学","普通本科","理工类","陕西未央区","029-86173115","http://zsb.xatu.cn"
"325","大理大学","普通本科","综合类","云南大理市","0872-2219956,0872-2219959","http://zs.dali.edu.cn/"
"326","西安邮电大学","普通本科","理工类","陕西长安区","029-88166660,029-88166199","http://zhaosheng.xupt.edu.cn"
"327","西藏大学","211","综合类","西藏城关区","0891-6405900","http://zjc.utibet.edu.cn/"
"328","陕西中医药大学","普通本科","医药类","陕西杨陵区","029-38185360,029-38184259","http://zs.sntcm.edu.cn"
"329","咸阳师范学院","普通本科","师范类","陕西","029-33720888","http://www.xync.edu.cn/"
"330","青海大学","211","综合类","青海城西区","0971-5310697","https://zsw.qhu.edu.cn/"
"331","渭南师范学院","普通本科","师范类","陕西","0913-2136900","http://zsb.wnu.edu.cn/"
"332","宝鸡文理学院","普通本科","师范类","陕西","0917-3361066","http://ein.bjwlxy.cn"
"333","青海师范大学","普通本科","师范类","青海","0971-6318787","https://zsb.qhnu.edu.cn/"
"334","陕西理工大学","普通本科","理工类","陕西","0916-2641900,0916-2641884","http://zs.snut.edu.cn"
"335","青海民族大学","普通本科","民族类","青海城东区","0971-8808501,0971-8804611","http://zhaosheng.qhmu.edu.cn/"
"336","西安外国语大学","普通本科","语言类","陕西","029-85319401,029-85319500","http://zhaosheng.xisu.edu.cn/"
"337","北华大学","普通本科","综合类","吉林丰满区","0432-64608596,0432-64608592","http://www.bhjyw.com/"
"338","西安财经大学","普通本科","财经类","陕西长安区","029-81556128","http://zhaosheng.xaufe.edu.cn"
"339","西北政法大学","普通本科","政法类","陕西","029-88182275,029-88182277","https://bkzn.nwupl.edu.cn/"
"340","长春大学","普通本科","综合类","吉林九台区","0431-85250087","http://zsb.ccu.edu.cn"
"341","西安体育学院","普通本科","体育类","陕西","029-88409422","http://www.xaipe.edu.cn/zsbgs/"
"342","长春理工大学","普通本科","理工类","吉林","0431-85582999","http://zsb.cust.edu.cn/"
"343","西安音乐学院","普通本科","艺术类","陕西雁塔区","029-88667077,029-88667076","http://zsb.xacom.edu.cn"
"344","长春工业大学","普通本科","理工类","吉林","0431-85914753","http://bzkzs.ccut.edu.cn/index/"
"345","西安美术学院","普通本科","艺术类","陕西","029-88222342,029-88247882,029-88221716","http://www.zhshch.xafa.edu.cn/"
"346","西安培华学院","普通本科","综合类","陕西","029-85680000,029-85680001","http://www.peihua.edu.cn/zhaosheng/index.htm"
"347","吉林农业大学","普通本科","农林类","吉林","0431-84532980","http://zhaosheng.jlau.edu.cn/static/front/jlau/basic/html_cms/"
"348","湘潭大学","普通本科","综合类","湖南","0731-58293275,0731-58293451","http://zhaosheng.xtu.edu.cn/"
"349","吉首大学","普通本科","综合类","湖南","0743-8564141,0743-8563838","http://jsuzs.jysd.com/"
"350","长春师范大学","普通本科","师范类","吉林","0431-86168222","http://zhaosheng.ccsfu.edu.cn/"
"351","湖南科技大学","普通本科","综合类","湖南","0731-58273804,0731-58273805,0731-58273808","http://zs.hnust.cn"
"352","长沙理工大学","普通本科","理工类","湖南天心区","0731-85256175","http://zs.csust.edu.cn"
"353","吉林师范大学","普通本科","师范类","吉林铁西区","0434-3294661","http://web.jlnu.edu.cn/zsb/"
"354","南华大学","普通本科","综合类","湖南石鼓区","0734-8282553,0734-8282711","http://zsw.usc.edu.cn/static/front/usc/basic/html_cms/"
"355","湖南农业大学","普通本科","农林类","湖南芙蓉区","0731-84618084","http://zs.hunau.edu.cn"
"356","东北电力大学","普通本科","理工类","吉林船营区","0432-64806749","http://zs.neepu.edu.cn/"
"357","长春工程学院","普通本科","理工类","吉林朝阳区","0431-85947183,0431-85711299","http://zsb.ccit.edu.cn/"
"358","吉林建筑大学","普通本科","理工类","吉林","0431-84566063,0431-84566071","http://zj.jlju.edu.cn/zs/index.htm"
"359","湖南理工学院","普通本科","理工类","湖南云溪区","0730-8648876","http://zjc.hnist.cn/"
"360","湖南城市学院","普通本科","综合类","湖南资阳区","0737-4628168,0737-6355818","http://zj.hncu.net"
"361","湖南工业大学","普通本科","理工类","湖南天元区","0731-22183311,0731-22183355","http://zsb.hut.edu.cn"
"362","湖南工程学院","普通本科","理工类","湖南岳塘区","0731-58688511,0731-58683867","http://hniezs.bibibi.net/recruit/index/index"
"363","吉林化工学院","普通本科","理工类","吉林","0432-63083056,0432-63086679","http://zsjyc.jlict.edu.cn/"
"364","中南林业科技大学","普通本科","农林类","湖南","0731-85623099,0731-85623098","http://zs.csuft.edu.cn"
"365","湖南中医药大学","普通本科","医药类","湖南岳麓区","0731-85381101","http://zhaosheng.hnucm.edu.cn"
"366","湘南学院","普通本科","综合类","湖南苏仙区","0735-2653053,0735-2653289,0735-2653052","https://zs.xnu.edu.cn/"
"367","长春中医药大学","普通本科","医药类","吉林","0431-86172018,0431-86172896,0431-86172013","http://zhaosheng.ccucm.edu.cn"
"368","吉林工程技术师范学院","普通本科","师范类","吉林","0431-86908039","http://zs.jlenu.edu.cn/"
"369","衡阳师范学院","普通本科","师范类","湖南","0734-8486615,0734-8484941","http://zs.hynu.cn"
"370","湖南工商大学","普通本科","财经类","湖南岳麓区","0731-88686693,0731-88686667,0731-88686694","http://admi.hutb.edu.cn/"
"371","通化师范学院","普通本科","师范类","吉林","0435-3209788","http://admissions.thnu.edu.cn/recruit/index/index"
"372","湖南科技学院","普通本科","理工类","湖南零陵区","0746-6382188","http://zs.huse.cn/"
"373","白城师范学院","普通本科","师范类","吉林洮北区","0436-3555068","http://zsb.bcsfxy.com/"
"374","吉林外国语大学","普通本科","语言类","吉林长春净月高新技术产业开发区","0431-84533585,0431-84533588,0431-84533589","http://zs.jisu.edu.cn/"
"375","吉林财经大学","普通本科","财经类","吉林","0431-84539100","http://newzs.jlufe.edu.cn/"
"376","吉林体育学院","普通本科","体育类","吉林南关区","0431-85267666","http://www.jlsu.edu.cn/a/xzbm/zsjy/bkzs/"
"377","中南财经政法大学","211","财经类","湖北东西湖区","027-88387338,027-88386200,027-88386181","http://bkzs.zuel.edu.cn/"
"378","湖南文理学院","普通本科","综合类","湖南","0736-7186057,0736-7186059","http://zj.huas.edu.cn/wzsy.htm"
"379","怀化学院","普通本科","综合类","湖南","0745-2853370","http://zsb.hhtc.edu.cn"
"380","华中农业大学","211","农林类","湖北洪山区","027-87282027,027-87384670","http://zs.hzau.edu.cn/"
"381","邵阳学院","普通本科","综合类","湖南大祥区","0739-5432591,0739-5308781","http://zsjy.hnsyu.net/zhaosheng/"
"382","东北林业大学","211","农林类","黑龙江香坊区","0451-82190346","https://zhaosheng.nefu.edu.cn/"
"383","华中师范大学","211","师范类","湖北洪山区","027-67861550,027-67863374","http://zs.ccnu.edu.cn/"
"384","黑龙江大学","普通本科","综合类","黑龙江南岗区","0451-86608661","http://zsb.hlju.edu.cn/"
"385","佳木斯大学","普通本科","综合类","黑龙江","0454-8796220,0454-8618158","http://zs.jmsu.edu.cn/"
"386","中南民族大学","普通本科","综合类","湖北洪山区","027-67842763","https://zsb.scuec.edu.cn/"
"387","齐齐哈尔大学","普通本科","综合类","黑龙江建华区","0452-2738190","http://zs.qqhru.edu.cn/"
"388","湖北大学","普通本科","综合类","湖北","027-88755167","http://zsxx.hubu.edu.cn"
"389","哈尔滨理工大学","普通本科","理工类","黑龙江南岗区","0451－86390111","http://zs.hrbust.edu.cn/"
"390","黑龙江八一农垦大学","普通本科","农林类","黑龙江","0459-6819043,0459-6819044","http://zhaosheng.byau.edu.cn/"
"391","长江大学","普通本科","综合类","湖北荆州区","0716-8067167,0716-8060550","http://zszc.yangtzeu.edu.cn"
"392","哈尔滨医科大学","普通本科","医药类","黑龙江南岗区","0451-86664885,0451-86622839","http://www.hrbmu.edu.cn/zhaosheng/"
"393","江汉大学","普通本科","综合类","湖北汉阳区","027-84237298,027-84227229,027-84227521","https://jdzs.jhun.edu.cn/"
"394","三峡大学","普通本科","综合类","湖北","0717-6392282,0717-6392665","http://zs.ctgu.edu.cn/"
"395","武汉纺织大学","普通本科","理工类","湖北江夏区","027-59367521,027-59367524","http://zjc.wtu.edu.cn/"
"396","湖北工业大学","普通本科","理工类","湖北洪山区","400-0274620,027-59751111","http://zs.hbut.edu.cn"
"397","武汉工程大学","普通本科","理工类","湖北东西湖区","027-87002966","http://zsb.wit.edu.cn/"
"398","湖北汽车工业学院","普通本科","理工类","湖北张湾区","0719-8238223","http://zs.huat.edu.cn"
"399","武汉轻工大学","普通本科","理工类","湖北","027-83921022,027-83928885","http://zsb.whpu.edu.cn/"
"400","湖北中医药大学","普通本科","医药类","湖北洪山区","027-68891286,027-68890298","http://zs.hbtcm.edu.cn/"
"401","湖北医药学院","普通本科","医药类","湖北","0719-8891093","http://zs.hbmu.edu.cn"
"402","湖北师范大学","普通本科","师范类","湖北","0714-6575861,0714-6575862,0714-6575863","http://zhinengdayi.com/hbnu"
"403","黄冈师范学院","普通本科","师范类","湖北","0713-8616617,0713-8835368","http://zhaojiu.hgnu.edu.cn/zs/"
"404","黑龙江中医药大学","普通本科","医药类","黑龙江香坊区","0451-82110815,0451-82193406","http://zsjy.hljucm.net"
"405","牡丹江师范学院","普通本科","师范类","黑龙江爱民区","0453-6512058,0453-6511440","http://zs.mdjnu.cn/"
"406","湖北工程学院","普通本科","综合类","湖北","0712-2345651,0712-2345652,0712-2345653","http://zsjy.hbust.edu.cn/zssy.htm"
"407","哈尔滨商业大学","普通本科","财经类","黑龙江松北区","0451-84865257,0451-88103100","https://zsb.hrbcu.edu.cn/"
"408","湖北经济学院","普通本科","财经类","湖北江夏区","027-81973717","http://zs.hbue.edu.cn"
"409","东北石油大学","普通本科","理工类","黑龙江","0459-6503662,0335-8065200,0459-6504671,0459-6504674","http://zsxxw.nepu.edu.cn/"
"410","哈尔滨学院","普通本科","综合类","黑龙江南岗区","0451-86613350,0451-86688519,0451-86617723","http://zsxx.hrbu.edu.cn/"
"411","武汉体育学院","普通本科","体育类","湖北洪山区","027-87190222,027-87190168","http://zs.whsu.edu.cn"
"412","黑龙江工程学院","普通本科","理工类","黑龙江道外区","0451-88028842,0451-88028630",
"413","黑龙江科技大学","普通本科","理工类","黑龙江松北区","400-9003756","http://zs.usth.edu.cn"
"414","湖北美术学院","普通本科","艺术类","湖北江夏区","027-81317222","https://zjc.hifa.edu.cn/sy.htm"
"415","湖北民族大学","普通本科","综合类","湖北恩施市","0718-8439097,0718-8438300","http://zsxx.hbmy.edu.cn"
"416","牡丹江医学院","普通本科","医药类","黑龙江爱民区","0453-6585444","http://mdjmuzs.university-hr.com/showmore_zs.php?actiontype=1"
"417","齐齐哈尔医学院","普通本科","医药类","黑龙江建华区","13303625271,0452-2664111","https://zhaosheng.qmu.edu.cn/"
"418","武汉音乐学院","普通本科","艺术类","湖北武昌区","027-88076720","http://zsks.whcm.edu.cn/"
"419","黑龙江东方学院","普通本科","综合类","黑龙江平房区","0451-87505389,0451-87505390","http://www.dfxy.net/zsjy/index.htm"
"420","湖北科技学院","普通本科","综合类","湖北","0715-8338003","http://zsjy.hbust.edu.cn/zssy.htm"
"421","郑州轻工业大学","普通本科","理工类","河南金水区","0371-86608321,0371-86608312","http://zhaosheng.zzuli.edu.cn/"
"422","河南大学","普通本科","综合类","河南","0371-22196686,0371-22868221","http://zs.henu.edu.cn/"
"423","河南科技大学","普通本科","综合类","河南洛龙区","0379-65627022,0379-65627035","https://zjc.haust.edu.cn/"
"424","湖北文理学院","普通本科","综合类","湖北","0710-3595555,0710-3590904","http://zhinengdayi.com/hbuas"
"425","河南农业大学","普通本科","农林类","河南","0371-63558015,0371-63558020,0371-63558060","http://zs.henau.edu.cn/"
"426","河南理工大学","普通本科","理工类","河南","0391-3986000,0391-3986111,0391-3987225","http://www6.hpu.edu.cn/web5/"
"427","华北水利水电大学","普通本科","理工类","河南","0371-65790702,0371-65577818","http://www5.ncwu.edu.cn/zhaoshengwang/"
"428","华侨大学","普通本科","综合类","福建丰泽区","0595-22695678,0595-22691575","http://zsc.hqu.edu.cn"
"429","河南工业大学","普通本科","理工类","河南","0371-67756015,0371-67756016,0371-67756017","https://zs.haut.edu.cn/"
"430","福建农林大学","普通本科","农林类","福建台江区","0591-83789216","http://zsb.fafu.edu.cn"
"431","黄河科技学院","普通本科","理工类","河南","0371-68880130,0371-88858888","http://www.hhstu.cn/"
"432","西藏民族大学","普通本科","民族类","陕西渭城区","029-33755799,029-33755035","http://www1.xzmu.edu.cn/zsjyc/"
"433","集美大学","普通本科","综合类","福建集美区","0592-6181301,0592-6185889","http://zsb.jmu.edu.cn/"
"434","仰恩大学","普通本科","财经类","福建洛江区","0595-22091988,0595-22085622","http://web.yeu.edu.cn/zhaosheng/"
"435","福建师范大学","普通本科","师范类","福建","0591-22867412,0591-22867413","https://zsb.fjnu.edu.cn/"
"436","福建工程学院","普通本科","理工类","福建","0591-22863181","http://join.fjut.edu.cn"
"437","泉州师范学院","普通本科","师范类","福建","0595-22919911","http://www.qztc.edu.cn/zs"
"438","闽南师范大学","普通本科","师范类","福建","0596-2529991,0596-2597633","http://zsb.mnnu.edu.cn/"
"439","闽江学院","普通本科","综合类","福建","0591-83761856","http://zsb.mju.edu.cn"
"440","莆田学院","普通本科","综合类","福建荔城区","0594-2637164,0594-2615956","https://www.ptu.edu.cn/zhaosheng/"
"441","郑州航空工业管理学院","普通本科","财经类","河南","0371-61912539","http://zsxxw.zua.edu.cn/"
"442","西北民族大学","普通本科","综合类","甘肃","0931-2938300,0931-2938301","http://cms.xbmu.edu.cn/frontIndex.action?siteId=73"
"443","中原工学院","普通本科","理工类","河南中原区","0371-67698700","https://zsc.zut.edu.cn"
"444","新乡医学院","普通本科","医药类","河南红旗区","0373-3029485","http://zjc.xxmu.edu.cn/zsxxw/"
"445","兰州理工大学","普通本科","综合类","甘肃","0931-2973947,0931-2755263","https://zhaosheng.lut.edu.cn/"
"446","洛阳师范学院","普通本科","综合类","河南洛龙区","0379-68618104","http://sites.lynu.edu.cn/zsxx/"
"447","周口师范学院","普通本科","师范类","河南川汇区","0394-8592469","http://zs.zknu.edu.cn/"
"448","南阳师范学院","普通本科","师范类","河南","0377-63513466,0377-63510790","http://www2.nynu.edu.cn/xzbm/zhaosheng/"
"449","兰州交通大学","普通本科","综合类","甘肃","0931-4938051,0931-4956179","http://zsb.lzjtu.edu.cn/"
"450","商丘师范学院","普通本科","师范类","河南","0370-3057992,0370-3057995,0370-3057985","http://zhaoban.sqnu.edu.cn"
"451","河南财经政法大学","普通本科","财经类","河南","0371-86507767","http://zs.huel.edu.cn"
"452","青岛农业大学","普通本科","农林类","山东城阳区","0532-58957666","http://zsw.qau.edu.cn/"
"453","甘肃农业大学","普通本科","农林类","甘肃安宁区","0931-7631109","http://bkzs.gsau.edu.cn"
"454","许昌学院","普通本科","理工类","河南","0374-2968818","http://zs.xcu.edu.cn/"
"455","聊城大学","普通本科","综合类","山东","0635-8239405","http://zsb.lcu.edu.cn"
"456","西北师范大学","普通本科","师范类","甘肃","0931-7971922","https://zsb.nwnu.edu.cn/"
"457","临沂大学","普通本科","综合类","山东","0539-7258221,400-673-8808","http://zhaosheng.lyu.edu.cn/"
"458","甘肃中医药大学","普通本科","医药类","甘肃","0931-8765321,0931-8619911","http://zsb.gszy.edu.cn/index.html"
"459","青岛大学","普通本科","综合类","山东","0532-83780009,0532-83780001","https://zs.qdu.edu.cn/"
"460","兰州财经大学","普通本科","财经类","甘肃","0931-5259988","http://zjc.lzufe.edu.cn/zsw/sy.htm"
"461","甘肃政法大学","普通本科","政法类","甘肃安宁区","0931-7601433","https://bkzs.gsupl.edu.cn/"
"462","河西学院","普通本科","综合类","甘肃甘州区","0936-8283598","http://zsw.hxu.edu.cn/"
"463","海南大学","211","综合类","海南美兰区","0898-66266469,0898-66260171","https://www.hainanu.edu.cn/zhaosheng/"
"464","内蒙古科技大学","普通本科","综合类","内蒙古昆都仑区","0472-5953347,0472-5951605,0472-5953346","https://zhaosheng.imust.edu.cn/"
"465","内蒙古民族大学","普通本科","综合类","内蒙古","0475-8313584","http://zs.imun.edu.cn"
"466","青岛科技大学","普通本科","理工类","山东","0532-88957996","https://zs.qust.edu.cn/"
"467","内蒙古工业大学","普通本科","理工类","内蒙古新城区","0471-6576346","http://zsb.imut.edu.cn/"
"468","青岛理工大学","普通本科","理工类","山东市北区","0532-85071039","http://zhaosheng.qut.edu.cn/"
"469","曲阜师范大学","普通本科","师范类","山东","0537-4458658,0537-4418658,0537-4438658","https://zsb.qfnu.edu.cn/"
"470","海南师范大学","普通本科","师范类","海南","0898-65888710,0898-65880571","http://zhaosheng.hainnu.edu.cn/"
"471","海南医学院","普通本科","医药类","海南龙华区","0898-66895588,0898-66893610","http://www.hainmc.edu.cn/zsw/bzkzs.htm"
"472","贵州师范大学","普通本科","师范类","贵州","0851-86701855,0851-86701964","http://zjc.gznu.edu.cn/sdzs/"
"473","贵州医科大学","普通本科","医药类","贵州","0851-88416022,0851-86760608","http://zkb.gmc.edu.cn/"
"474","贵州民族大学","普通本科","综合类","贵州","0851-83610412","http://zjc.gzmu.edu.cn/zsxxw.htm"
"475","内蒙古农业大学","普通本科","农林类","内蒙古","0471-4311359,0471-4300730","http://zhaosheng.imau.edu.cn"
"476","遵义医科大学","普通本科","医药类","贵州红花岗区","0851-28609366,0851-28204408","https://zyzb.zmu.edu.cn/"
"477","内蒙古师范大学","普通本科","师范类","内蒙古","0471-4392514","http://zs.imnu.edu.cn/sy.htm"
"478","贵州财经大学","普通本科","财经类","贵州","0851-88575778,0851-88575779","https://sw.gufe.edu.cn/zhaosheng/index.zs"
"479","贵州中医药大学","普通本科","医药类","贵州南明区","0851-88308474","http://zs.gzy.edu.cn/"
"480","黔南民族师范学院","普通本科","师范类","贵州","0854-8737019","http://zsw.sgmtu.edu.cn/"
"481","遵义师范学院","普通本科","师范类","贵州","0851-28927462","http://www.zync.edu.cn/zsxxw1/"
"482","内蒙古医科大学","普通本科","医药类","内蒙古","0471-6653318,0471-6636217,0471-6653317","https://pgzs.immu.edu.cn/"
"483","山东工商学院","普通本科","财经类","山东莱山区","0535-6903560","http://zs.sdtbu.edu.cn/"
"484","山东工艺美术学院","普通本科","艺术类","山东","0531-89626210,0531-82619300,0531-82611812","http://zs.sdada.edu.cn/"
"485","山东建筑大学","普通本科","理工类","山东","0531-86367222,0531-86367225","https://zsb.sdjzu.edu.cn/"
"486","内蒙古财经大学","普通本科","财经类","内蒙古","0471-5300555,0471-5300312","http://www.imufe.edu.cn/zsxxw/"
"487","广西医科大学","普通本科","医药类","广西","0771-5359031,0771-5359030","http://zs.gxmu.edu.cn/"
"488","广西师范大学","普通本科","师范类","广西七星区","0773-5818532","https://bkzs.gxnu.edu.cn/"
"489","桂林电子科技大学","普通本科","理工类","广西","0773-2290010","https://www.guet.edu.cn/zs/"
"490","桂林理工大学","普通本科","理工类","广西","0773-5896575,0773-5891533","http://zj.glut.edu.cn/zsw/"
"491","山东交通学院","普通本科","理工类","山东","0531-80687112,0531-80687119","http://zsw.sdjtu.edu.cn/"
"492","山东财经大学","普通本科","财经类","山东","0531-88596191,0531-81793666,0531-88525423","http://zhaosheng.sdufe.edu.cn/tzgg/5.htm"
"493","广西科技大学","普通本科","综合类","广西城中区","0772-2687735,0772-2686118","http://www.gxust.edu.cn/zsw/"
"494","山东科技大学","普通本科","理工类","山东","0532-86057077","http://zs.sdust.edu.cn/"
"495","桂林医学院","普通本科","医药类","广西","0773-5895160","https://mgmt.glmc.edu.cn/zjc/"
"496","玉林师范学院","普通本科","师范类","广西","0775-2666516","http://www.ylnu.net/zsw.htm"
"497","山东理工大学","普通本科","理工类","山东张店区","0533-2780673","https://zszx.sdut.edu.cn/"
"498","南宁师范大学","普通本科","师范类","广西西乡塘区","0771-3903928","http://nnnuzsb.doerjob.com/"
"499","山东农业大学","普通本科","综合类","山东","0538-8248806,0538-8242206","http://zhaosheng.sdau.edu.cn"
"500","广西民族大学","普通本科","民族类","广西","0771-3260410","http://zs.gxun.edu.cn/"
"501","宁夏大学","211","综合类","宁夏西夏区","0951-2061897","http://zs.nxu.edu.cn/"
"502","北方民族大学","普通本科","民族类","宁夏西夏区","0951-2066992,0951-2066335","https://zsb.nmu.edu.cn/"
"503","宁夏医科大学","普通本科","医药类","宁夏兴庆区","400-8600222","http://www.nxmu.edu.cn/zsjyc/"
"504","齐鲁工业大学","普通本科","理工类","山东","0531-89631068,0531-89631968","http://zsb.qlu.edu.cn/"
"505","山东体育学院","普通本科","体育类","山东","0531-89655029,0531-82617343,0531-8773806","http://zsxxw.sdpei.edu.cn/"
"506","山东艺术学院","普通本科","艺术类","山东","0531-86423300","https://zsbgs.sdca.edu.cn/"
"507","泰山学院","普通本科","综合类","山东","0538-6715631,0538-6196518","http://zhaosheng.tsu.edu.cn/"
"508","山东第一医科大学","普通本科","医药类","山东岱岳区","0538-6229809,0538-6222019","http://enrollment.sdfmu.edu.cn/"
"509","潍坊学院","普通本科","综合类","山东奎文区","0536-8785670,0536-8785671","https://zsb.wfu.edu.cn/"
"510","潍坊医学院","普通本科","医药类","山东青州市","0536-8462283,0536-8462285","http://zs.wfmc.edu.cn/"
"511","烟台大学","普通本科","综合类","山东莱山区","0535-6902653","http://bkzs.ytu.edu.cn/"
"512","鲁东大学","普通本科","综合类","山东芝罘区","0535-6672791","http://www.zs.ldu.edu.cn"
"513","北京化工大学","211","理工类","北京朝阳区","010-64435706","http://www.goto.buct.edu.cn"
"514","中国农业大学","985 211","农林类","北京海淀区","010-62737960,010-62737682","http://jwzs.cau.edu.cn"
"515","中国传媒大学","211","艺术类","北京朝阳区","010-65779370,010-65779256","http://zhaosheng.cuc.edu.cn"
"516","北京城市学院","普通本科","综合类","北京海淀区","010-62321818","http://zs.bcu.edu.cn"
"517","北方工业大学","普通本科","理工类","北京石景山区","010-88802786","http://bkzs.ncut.edu.cn/"
"518","中央戏剧学院","普通本科","艺术类","北京东城区","010-56620314","https://zhaosheng.zhongxi.cn/"
"519","北京电影学院","普通本科","艺术类","北京海淀区","010-82048291","http://www.bfa.edu.cn/zs/index.htm"
"520","中央美术学院","普通本科","艺术类","北京朝阳区","010-64771056","http://www.cafa.edu.cn/sp/zs/?ci=802"
"521","北京电子科技学院","普通本科","理工类","北京丰台区","010-83635284",
"522","中央财经大学","211","财经类","北京海淀区","010-62288332","http://zs.cufe.edu.cn"
"523","北京服装学院","普通本科","艺术类","北京朝阳区","010-64288364,010-64288375","http://bkzs.bift.edu.cn/"
"524","中华女子学院","普通本科","语言类","北京朝阳区","010-84659299,010-84659611","http://zhaosheng.cwu.edu.cn"
"525","中国政法大学","211","政法类","北京昌平区","010-58909122","http://zs.cupl.edu.cn"
"526","北京工商大学","普通本科","财经类","北京海淀区","010-68983272,010-68984711,010-68984682","http://zsb.btbu.edu.cn"
"527","中国音乐学院","普通本科","艺术类","北京朝阳区","010-64887367","http://bkzs.ccmusic.edu.cn/"
"528","北京建筑大学","普通本科","理工类","北京西城区","010-68322507,010-68322899","http://zsb.bucea.edu.cn/"
"529","北京协和医学院","普通本科","医药类","北京东城区","010-65133091",
"530","中国戏曲学院","普通本科","艺术类","北京丰台区","010-63339858","https://www.nacta.edu.cn/xwgg/zsxx/bkszs/"
"531","北京联合大学","普通本科","综合类","北京朝阳区","010-64900915,010-64900013","https://zsxx.buu.edu.cn"
"532","中国人民公安大学","普通本科","政法类","北京西城区","010-83903097","http://zsjy.ppsuc.edu.cn"
"533","中国青年政治学院","普通本科","政法类","北京海淀区","010-68475459","https://www.zytx.org.cn/zjtx/zzjg/yjsb/zsxx/zsjz/"
"534","北京农学院","普通本科","农林类","北京昌平区","010-80799334","http://zsb.bua.edu.cn/"
"535","中国劳动关系学院","普通本科","政法类","北京海淀区","010-68416757,010-68411395","http://news.culr.edu.cn/zhaosheng/"
"536","北京石油化工学院","普通本科","综合类","北京大兴区","010-81292235","http://zhaosheng.bipt.edu.cn"
"537","外交学院","普通本科","其他","北京西城区","010-68354353,010-89146832","http://zs.cfau.edu.cn"
"538","首钢工学院","普通本科","理工类","北京石景山区","010-59805803,010-59805800",
"539","首都医科大学","普通本科","医药类","北京丰台区","010-83911084,010-83911085","http://zhsh.ccmu.edu.cn"
"540","北京舞蹈学院","普通本科","艺术类","北京海淀区","010-68935788,010-68451413","https://www.bda.edu.cn/zsjy/bkzsxx/index.htm"
"541","北京物资学院","普通本科","财经类","北京通州区","010-89534409,010-89534469","http://zs.bwu.edu.cn"
"542","首都体育学院","普通本科","体育类","北京海淀区","010-82090776,010-82099026","https://zs.cupes.edu.cn/"
"543","首都师范大学","普通本科","师范类","北京海淀区","010-68902995,010-68902658","http://bkzs.cnu.edu.cn"
"544","北京印刷学院","普通本科","理工类","北京大兴区","010-60227871","http://zhaosheng.bigc.edu.cn/"
"545","华北电力大学保定校区","211","理工类","河北莲池区","0312-7523164,0312-7525336","https://net.ncepu.edu.cn/zsjy/index.htm"
"546","北京语言大学","普通本科","语言类","北京海淀区","010-82303943,010-82303135","http://zsb.blcu.edu.cn"
"547","国际关系学院","普通本科","政法类","北京海淀区","010-62861579,010-62861191","https://bkzs.uir.cn/"
"548","河北师范大学","普通本科","师范类","河北","0311-80786666,0311-80789780","http://zsjyc.hebtu.edu.cn/zsw/"
"549","河北医科大学","普通本科","医药类","河北","0311-86266317","http://zsb.hebmu.edu.cn"
"550","华北理工大学","普通本科","综合类","河北","0315-8816666","http://zsjyc.ncst.edu.cn/col/1589180017916/index.html"
"551","河北农业大学","普通本科","农林类","河北","0312-7528888,0312-7521540","http://zhaosheng.hebau.edu.cn/"
"552","燕山大学","普通本科","理工类","河北海港区","0335-8057069","https://zsjyc.ysu.edu.cn/bkszsxxw/wzsy.htm"
"553","承德医学院","普通本科","医药类","河北双桥区","0314-2290576","http://jwc.cdmc.edu.cn/col/col526/index.html"
"554","河北北方学院","普通本科","综合类","河北崇礼区","0313-4029183","http://zs.hebeinu.edu.cn/"
"555","河北工程大学","普通本科","理工类","河北","0310-3969060,0310-3969065","http://zhaosheng.hebeu.edu.cn"
"556","河北建筑工程学院","普通本科","理工类","河北","0313-4187686,0313-4187683","http://zs.hebiace.edu.cn/"
"557","华北科技学院","普通本科","理工类","河北广阳区","010-61591445,010-61591128",
"558","河北地质大学","普通本科","财经类","河北","0311-87207400","http://zsxxw.hgu.edu.cn/"
"559","石家庄铁道大学","普通本科","理工类","河北","0311-87935166,0311-86852774","http://zs.stdu.edu.cn/"
"560","唐山学院","普通本科","理工类","河北","0315-2792205,0315-2792146","http://zsw.tsc.edu.cn/"
"561","广东职业技术学院","专科（高职）","理工类","广东","0757-83311534","https://www.gdpt.edu.cn/zsw"
"562","广东工贸职业技术学院","专科（高职）",,"广东","020-87745757,020-87243522","https://www.gdgm.edu.cn/zsxx/"
"563","广东机电职业技术学院","专科（高职）","理工类","广东","020-61362251","https://zs.gdmec.edu.cn/"
"564","广东建设职业技术学院","专科（高职）","理工类","广东白云区","020-36409106","https://zb.gdcvi.edu.cn/"
"565","广东交通职业技术学院","专科（高职）","理工类","广东","020-37236028","http://zs.gdcp.cn/"
"566","广东省外语艺术职业学院","专科（高职）","综合类","广东","020-38458158,020-38458086","https://zs.gtcfla.net/"
"567","广东水利电力职业技术学院","专科（高职）","理工类","广东","020-87993831,020-87993480","https://zs.gdsdxy.edu.cn/"
"568","山东师范大学","普通本科","师范类","山东","0531-86182201,0531-86182202","http://www.zsb.sdnu.edu.cn/"
"569","唐山师范学院","普通本科","师范类","河北","0315-3863129,0315-3863181,0315-3863352","http://zsjy.tstc.edu.cn"
"570","廊坊师范学院","普通本科","师范类","河北","0316-2188213","http://www.lfsfxy.edu.cn/zsk/"
"571","河北体育学院","普通本科","体育类","河北","0311-85337585,0311-85337658","http://zsxx.hepec.edu.cn/"
"572","衡水学院","普通本科","师范类","河北","0318-6016093,0318-6016910","http://zhaosheng.hsnc.edu.cn"
"573","石家庄学院","普通本科","综合类","河北","0311-66617111,0311-66617112,0311-66617113","http://xsc.sjzc.edu.cn"
"574","邯郸学院","普通本科","师范类","河北","0310-7090228","http://zs.hdc.edu.cn"
"575","广东文艺职业学院","专科（高职）","艺术类","广东番禺区","020-34810201,020-84878982,020-34810200","http://www.gdla.edu.cn/zsb/"
"576","广东亚视演艺职业学院","专科（高职）","艺术类","广东","0769-87881233,0769-87884003,0769-87814567","https://www.atvcn.com/atv/zs/index.html"
"577","广州工程技术职业学院","专科（高职）","综合类","广东","020-87693663,020-87621457","http://zs.gzvtc.cn/"
"578","广州工商学院","普通本科","财经类","广东","020-86914402,020-86929603","http://www.gzgs.org.cn/zsb"
"579","广州民航职业技术学院","专科（高职）","理工类","广东越秀区","020-86123135","https://www.caac.net/sites/zsb/zsxxw/index.html"
"580","广州南洋理工职业学院","专科（高职）","理工类","广东从化区","020-87992828,020-37987281","http://www.nyjy.cn/zsb"
"581","广州铁路职业技术学院","专科（高职）","理工类","广东","020-36004159,020-37431457","https://dy.gtxy.cn/zsxxw"
"582","揭阳职业技术学院","专科（高职）","综合类","广东榕城区","0663-8859905,0663-8859845","http://zs.jyc.edu.cn/"
"583","罗定职业技术学院","专科（高职）","综合类","广东","0766-3782735,0766-3782830","https://zs.ldpoly.edu.cn/"
"584","茂名职业技术学院","专科（高职）","理工类","广东","0668-2920126,0668-2920128","https://w.mmpt.edu.cn/zsw/"
"585","广东东软学院","普通本科","理工类","广东","0757-86684502,0757-86684503","http://zsw.nuit.edu.cn"
"586","广东南华工商职业学院","专科（高职）","财经类","广东海珠区","020-38251888,020-28867333","https://www.nhic.edu.cn/zsb/"
"587","汕头职业技术学院","专科（高职）","综合类","广东","0754-88607737,0754-88630402","http://www.stpt.edu.cn/zs/main.htm"
"588","深圳职业技术学院","专科（高职）","综合类","广东南山区","0755-26731715,0755-26731216","http://zhaosheng.szpt.edu.cn"
"589","私立华联学院","专科（高职）","综合类","广东天河区","020-82373989","http://www.hlu.edu.cn/zsb2017/zsb2015.aspx"
"590","中山火炬职业技术学院","专科（高职）","理工类","广东","0760-88291862,0760-85592875",
"591","珠海艺术职业学院","专科（高职）","艺术类","广东金湾区","0756-3982377,0756-3982388","http://old.zhac.net/xin/zsb/zsb1.asp"
"592","保定学院","普通本科","师范类","河北","0312-5972065","http://zsxx.bdu.edu.cn/"
"593","沧州师范学院","普通本科","师范类","河北运河区","0317-2159818,0317-2159817",
"594","沧州医学高等专科学校","专科（高职）","医药类","河北运河区","0317-5507819,0317-5508019","http://zhaosheng.czmc.cn/"
"595","防灾科技学院","普通本科","理工类","河北永清县","010-61596244,010-61595011","https://zjb.cidp.edu.cn/zswsy.htm"
"596","上海海关学院","普通本科","财经类","上海浦东新区","021-28991053,021-28991054","http://zs.shcc.edu.cn"
"597","河北女子职业技术学院","专科（高职）","语言类","河北","0311-89630662,0311-89630664","http://www.hebnzxy.com/enrollment/zsgl"
"598","河北美术学院","普通本科","艺术类","河北","0311-88651148,0311-88596153","http://zsc.hbafa.com/"
"599","保定电力职业技术学院","专科（高职）","理工类","河北","0312-3303201","http://www.bddy.cn/ch/139/140/1.html"
"600","电子科技大学","985 211","理工类","四川成华区","028-61831137,028-61831139","http://www.zs.uestc.edu.cn"
"601","上海邦德职业技术学院","专科（高职）","综合类","上海宝山区","021-56514754,021-66504946,021-56680657","http://www.shbangde.com/zb2013/index.htm"
"602","上海城建职业学院","专科（高职）","综合类","上海奉贤区","021-56605436","https://www.succ.edu.cn/zsxx/"
"603","上海出版印刷高等专科学校","专科（高职）","综合类","上海杨浦区","021-65674045","https://www.sppc.edu.cn/zs/"
"604","上海电子信息职业技术学院","专科（高职）","理工类","上海奉贤区","021-64038240","http://zsw.stiei.edu.cn/"
"605","上海震旦职业学院","专科（高职）","财经类","上海宝山区","021-66861707,021-66860766","https://zjy.aurora-college.cn/"
"606","上海东海职业技术学院","专科（高职）","综合类","上海闵行区","021-64523424,021-64506938","http://zs.esu.edu.cn/"
"607","上海工艺美术职业学院","专科（高职）","艺术类","上海嘉定区","021-64398515","http://zsb.sada.edu.cn/zhao/"
"608","上海海事职业技术学院","专科（高职）","理工类","上海浦东新区","021-58311677","http://www.sma.edu.cn/col/col12026/index.html"
"609","上海济光职业技术学院","专科（高职）","理工类","上海宝山区","021-66761012,18801931998,021-36020098","https://zs.shjgu.edu.cn/"
"610","上海建桥学院","普通本科","财经类","上海浦东新区","021-68130020,021-58137880","http://zsb.gench.edu.cn"
"611","上海交通职业技术学院","专科（高职）","理工类","上海宝山区","021-56996297,021-68159612","http://www.scp.edu.cn/list.aspx?nid=24&amp;cid=125"
"612","山东医学高等专科学校","专科（高职）","医药类","山东平邑县","0539-8016931","http://zsbgs.sdmc.edu.cn/"
"613","上海科学技术职业学院","专科（高职）","理工类","上海嘉定区","021-69990068","http://www.scst.edu.cn/ygzs/"
"614","上海立达学院","普通本科","财经类","上海松江区","021-57803530,57803531","http://jytd.lidapoly.edu.cn/zhaosheng/"
"615","上海农林职业技术学院","专科（高职）","农林类","上海松江区","021-57811385","http://zsxx.shafc.edu.cn/"
"616","上海思博职业技术学院","专科（高职）","财经类","上海浦东新区","021-68023335,021-68023336","http://222.44.47.11:8081/web/zs/1/"
"617","上海兴伟学院","普通本科","综合类","上海浦东新区","021-68020761","http://www.xingweizhaosheng.com/"
"618","上海工商职业技术学院","专科（高职）","综合类","上海嘉定区","021-60675958,021-59587531","http://zhaosheng.sicp.edu.cn/"
"619","上海行健职业学院","专科（高职）","财经类","上海静安区","021-66109601","http://zs.shxj.edu.cn/"
"620","北华航天工业学院","普通本科","理工类","河北","0316-2083179","http://zb.nciae.edu.cn"
"621","河北水利电力学院","普通本科","理工类","河北","0317-7587125,0317-7587123","http://zsb.hbwe.edu.cn/"
"622","承德石油高等专科学校","专科（高职）","理工类","河北","0314-2377071,0314-2377074","http://zsjyc.cdpc.edu.cn/html/index.html"
"623","邢台医学高等专科学校","专科（高职）","医药类","河北桥西区","0319-2233321,0319-2233280,0319-2233025","http://zhaosheng.xtmc.net/"
"624","河北民族师范学院","普通本科","师范类","河北","0314-2370039,0314-2370333,0314-2370919","http://www.hbun.edu.cn/zszx/"
"625","河北金融学院","普通本科","财经类","河北","0312—3338287","http://news.hbfu.edu.cn/zsw"
"626","河北化工医药职业技术学院","专科（高职）","理工类","河北裕华区","0311-85110111,0311-85110222,0311-85110036","http://www.hebcpc.cn/zsw/"
"627","河北能源职业技术学院","专科（高职）","理工类","河北","0315-3049211,0315-2327811","http://zsw.hbnyxy.cn/"
"628","张家口职业技术学院","专科（高职）","理工类","河北","0313-4089263,0313-4088051,0313-4084655","http://manager.zjkptc.edu.cn/s.php/zsjyw/"
"629","邢台职业技术学院","专科（高职）","理工类","河北邢台县","0319-2273053,0319-2271766,0319-2273028","http://zs.xpc.edu.cn/"
"630","河北工业职业技术学院","专科（高职）","理工类","河北","0311-85239777,0311-89163179","http://zsjy.hbcit.edu.cn/index.aspx"
"631","沧州职业技术学院","专科（高职）","综合类","河北运河区","0317-2050897,0317-2052598","http://www.czvtc.cn/Category_31/Index.aspx"
"632","石家庄职业技术学院","专科（高职）","综合类","河北","0311-68092994,0311-85333630","http://zhaosheng.sjzpt.edu.cn/"
"633","石家庄铁路职业技术学院","专科（高职）","理工类","河北","0311-88621131,0311-88621105","http://zsjyc.sirt.edu.cn/a/zs/index.html"
"634","保定职业技术学院","专科（高职）","综合类","河北","0312-5917288,0312-5917388","http://zsxx.bvtc.com.cn/main/index.asp"
"635","邯郸职业技术学院","专科（高职）","理工类","河北","0310-3162951,0310-3162937,0310-3162938","http://www.hd-u.com/hdzsc/"
"636","上海中侨职业技术大学","普通本科","财经类","上海金山区","021-31616099,021-31616077,021-31616088","http://117.144.202.154/_s35/main.psp"
"637","黑龙江林业职业技术学院","专科（高职）","农林类","黑龙江爱民区","0453-6599285,0453-6599385,0453-6599485","http://www.hljlzy.com/zsxxw/"
"638","大庆职业学院","专科（高职）","综合类","黑龙江","0459-5875333,0459-5876043,0459-5871601","http://www.dqzyxy.net/gzzsxxw/"
"639","大兴安岭职业学院","专科（高职）","综合类","黑龙江加格达奇区","0457-2172337,0457-2172335","http://www.dxalu.org.cn/RecruitStudents/"
"640","哈尔滨电力职业技术学院","专科（高职）","理工类","黑龙江香坊区","0451-53681761","http://www.hl.sgcc.com.cn/html/hdy/col871/column_871_1.html"
"641","哈尔滨金融学院","普通本科","财经类","黑龙江","0451-86143166","http://zs.hrbfu.edu.cn/"
"642","哈尔滨铁道职业技术学院","专科（高职）","理工类","黑龙江平房区","0451-51893230,0451-51893286","http://www.htxy.net/cms/Display/ZsjyCategory"
"643","哈尔滨职业技术学院","专科（高职）","综合类","黑龙江香坊区","0451-86662346,0451-86681627,0451-86683403","http://a.hzjxy.org.cn/"
"644","鹤岗师范高等专科学校","专科（高职）","师范类","黑龙江东山区","0468-3593550,0468-3593180","http://www.hgtc.org.cn/index.php?r=index/index&amp;tmp=zsb"
"645","黑龙江建筑职业技术学院","专科（高职）","理工类","黑龙江","0451-85915000,0451-85915700","http://zs.hict.org.cn"
"646","黑龙江职业学院","专科（高职）","综合类","黑龙江","0451-87501262,0451-53180694,0451-87501263","http://www.hljp.edu.cn/zsjy/index/gzdz.htm"
"647","河北软件职业技术学院","专科（高职）","理工类","河北","0312-5991269,0312-5996063","https://www.hbsi.edu.cn/zsw/index.htm"
"648","秦皇岛职业技术学院","专科（高职）","理工类","河北北戴河区","0335-5926553,0335-5926611,0335-5926569,0335-592673","http://www.qhdvtc.com/zhaosheng/"
"649","唐山工业职业技术学院","专科（高职）","理工类","河北曹妃甸区","0315-7772978,0315-8832068","http://zsw.tsgzy.edu.cn/"
"650","河北工程技术学院","普通本科","综合类","河北","0311-89653577,0311-89653588,0311-89653599","http://zhaosheng.hbgcjsxy.com/"
"651","衡水职业技术学院","专科（高职）","理工类","河北桃城区","0318-2129797,0318-2125959","http://www.hsvtc.cn/zsztw/"
"652","河北艺术职业学院","专科（高职）","艺术类","河北长安区","0311-86665001,0311-86663618","http://www.hebart.com/zsw/"
"653","河北司法警官职业学院","专科（高职）","政法类","河北","0310-3178382,0310-83020652","http://zsjy.jjgxy.com.cn/index.html"
"654","河北旅游职业学院","专科（高职）","综合类","河北","0314-2376888,0314-2376882,0314-2376899","http://lqcx.hbtvc.com/"
"655","唐山职业技术学院","专科（高职）","医药类","河北","0315-8738214,0315-8738215,0315-8738212","http://zs.tsvtc.com/"
"656","石家庄科技信息职业学院","专科（高职）","理工类","河北桥西区","0311-83850441,0311-83820999","http://www.hebkx.cn/zsztw/main/index.php"
"657","河北交通职业技术学院","专科（高职）","理工类","河北","0311-85835666,0311-85835558","https://www.hebjtxy.cn/zsxxw/"
"658","廊坊职业技术学院","专科（高职）","综合类","河北","0316-6028826,0316-6028891","http://www.lfzhjxy.net/"
"659","河北机电职业技术学院","专科（高职）","理工类","河北","0319-8769861,0319-8769862,0319-8769859","http://www.hbjd.com.cn/zs"
"660","黑龙江旅游职业技术学院","专科（高职）","财经类","黑龙江南岗区","0451-87066616,0451-87066626","http://www.ljlyzy.org.cn/zhaoshengxinxi.php?key=49"
"661","黑龙江能源职业学院","专科（高职）","理工类","黑龙江","0469-2610888,0469-2690699","http://hljny.org.cn/web/zsxx"
"662","黑龙江民族职业学院","专科（高职）","民族类","黑龙江香坊区","0451-85560098,0451-85560198","http://www.hljmzzyxy.org.cn/zsw/"
"663","黑龙江农垦职业学院","专科（高职）","综合类","黑龙江","0451-88127996,0451-88127995,0451-88127993","http://zs.nkzy.org.cn/"
"664","黑龙江农业工程职业学院","专科（高职）","农林类","黑龙江南岗区","0451-86355551,0451-85955551,0451-86721247","http://www.hngzy.edu.cn/zhaoshengwang/"
"665","黑龙江农业职业技术学院","专科（高职）","农林类","黑龙江前进区","0454-8304450,0454-8317509","http://zs.hljnzy.net"
"666","黑龙江三江美术职业学院","专科（高职）","艺术类","黑龙江","0454-8871111,0454-8872222","http://www.sjmsxy.net.cn/html/admissions_and_employment/index.html"
"667","黑龙江商业职业学院","专科（高职）","财经类","黑龙江爱民区","0453-6575122,0453-6575181,0453-6575123","http://zsb.hljszy.net/"
"668","黑龙江生态工程职业学院","专科（高职）","农林类","黑龙江","0451-82470001,0451-82470004","http://xinxi.hljstgc.org.cn/main/index.php"
"669","黑龙江生物科技职业学院","专科（高职）","综合类","黑龙江","0451-56860111,0451-56860222,0451-56860555","http://www.hljswkj.org.cn/zs/"
"670","唐山科技职业技术学院","专科（高职）","理工类","河北路南区","0315-2962639,0315-2962669,0315-2962669","http://www.tskjzy.cn/zsjy/"
"671","石家庄邮电职业技术学院","专科（高职）","理工类","河北","0311-85998903,0311-85998905","http://www.sjzpc.edu.cn/zhaosheng/index.htm"
"672","河北公安警察职业学院","专科（高职）","政法类","河北桥西区","0311-89653269","http://www.hebsjy.com/"
"673","河北外国语学院","普通本科","语言类","河北","0311-85237026,0311-85237011","http://zsb.hbwy.com.cn/"
"674","石家庄工程职业学院","专科（高职）","理工类","河北新华区","0311-86867700,0311-86867755,0311-86867799,0311-86867711","http://www.sjzevc.com/index.php?m=content&amp;c=index&amp;a=lists&amp;catid=33"
"675","石家庄工商职业学院","专科（高职）","财经类","河北桥西区","0311-83858094,0311-83858084","http://zsw.sjzgsxy.com/default.aspx"
"676","石家庄信息工程职业学院","专科（高职）","综合类","河北","0311-87625150,0311-87625151,0311-87625156,15176907006",
"677","石家庄财经职业学院","专科（高职）","财经类","河北","0311-85201001,0311-85201002,0311-85275050","http://www.hebcj.cn/Html/zhaoshengzixun/"
"678","河北建材职业技术学院","专科（高职）","理工类","河北海港区","0335-8054040,0335-8070026","http://zsw.hbjcxy.com/"
"679","河北政法职业学院","专科（高职）","政法类","河北新华区","0311-87115208,0311-87115207,0311-87115522","http://zhaosheng.helc.edu.cn/"
"680","黑龙江司法警官职业学院","专科（高职）","政法类","黑龙江南岗区","0451-88079117,0451-88079106",
"681","黑龙江艺术职业学院","专科（高职）","艺术类","黑龙江南岗区","0451-86336958,0451-87515676","http://www.hljyzy.org.cn/RecruitStudents.aspx"
"682","哈尔滨信息工程学院","普通本科","理工类","黑龙江","0451-58607888","http://www.hxci.com.cn"
"683","黑龙江农业经济职业学院","专科（高职）","农林类","黑龙江西安区","0453-6402875,0453-6402419","http://xinwen.hnyjj.org.cn/index14403.html"
"684","黑龙江工业学院","普通本科","综合类","黑龙江","0467-2395188","http://www.hljut.edu.cn/a/zsjy/zs/zhuanyejieshao/"
"685","牡丹江大学","专科（高职）","综合类","黑龙江","0453-6595204,0453-6596405,0453-6591832","http://219.147.206.11/xz/zsjy/index.asp"
"686","齐齐哈尔工程学院","普通本科","综合类","黑龙江","0452-6186020,0452-6186022","https://zsb.qqhrit.com/"
"687","伊春职业学院","专科（高职）","综合类","黑龙江伊美区","0458-3769070","http://www.ycvc.com.cn"
"688","成都工业学院","普通本科","理工类","四川金牛区","028-87992872,028-87992873,028-87992379","http://zs.cdtu.edu.cn"
"689","成都东软学院","普通本科","理工类","四川成华区","028-64888003,028-64888001,028-64888002","https://zs.nsu.edu.cn"
"690","成都航空职业技术学院","专科（高职）","理工类","四川","028-88459388,028-88459389","http://www.cap.edu.cn/campus/jgsz/gljg/jxkybm/zsb2019/"
"691","成都农业科技职业学院","专科（高职）","农林类","四川温江区","028-82732146,028-82732733","http://zsjy.cdnkxy.com/"
"692","成都艺术职业大学","专科（高职）","艺术类","四川新津县","028-82401111,028-82482222","http://www.cdartpro.cn/Article/Indexes?id=109"
"693","成都职业技术学院","专科（高职）","综合类","四川","028-85327933,028-85323653","https://www.cdp.edu.cn/zjc/"
"694","泸州职业技术学院","专科（高职）","综合类","四川龙马潭区","0830-3150305,0830-3150102","http://zsc.lzy.edu.cn/"
"695","乐山职业技术学院","专科（高职）","综合类","四川市中区","0833-2152600,0833-2152910","http://zsw.lszyxy.edu.cn/"
"696","眉山职业技术学院","专科（高职）","综合类","四川","028-38025825,028-38221260","http://www.msvtc.net/Category_1951/Index.aspx"
"697","绵阳职业技术学院","专科（高职）","综合类","四川","0816-2202104,0816-2202113","http://zs.mypt.edu.cn/Web/"
"698","四川电力职业技术学院","专科（高职）","理工类","四川温江区","028-87348543","http://zs.scdy.edu.cn/"
"699","四川工商职业技术学院","专科（高职）","其他","四川武侯区","028-87290498,028-87277544,028-87297199","http://zsjy.sctbc.net/"
"700","四川国际标榜职业学院","专科（高职）","艺术类","四川龙泉驿区","028-66006889","https://admission.polus.edu.cn/"
"701","四川旅游学院","普通本科","综合类","四川","028-84825999,028-84825070","http://www.sctu.edu.cn/zs/"
"702","民办四川天一学院","专科（高职）","财经类","四川","028-3210335,028-3210587","http://www.tianyi.edu.cn/p/html/zsw/"
"703","四川民族学院","普通本科","民族类","四川","0836-2856805,0836-2859673,0836-2859672","https://zjc.scun.edu.cn/"
"704","阿坝师范学院","普通本科","师范类","四川","028-62332777,028-62332555","http://zs.abtu.edu.cn/"
"705","辽宁工程技术大学","普通本科","理工类","辽宁","0418-5110355","http://zsjy.lntu.edu.cn/"
"706","南通大学","普通本科","综合类","江苏","0513-85012170","http://zs.ntu.edu.cn/"
"707","四川托普信息技术职业学院","专科（高职）","理工类","四川","028-84628801,028-84628802,028-84628803,028-8462880","http://www.scetop.com/Html/ZSC/index.html"
"708","四川职业技术学院","专科（高职）","综合类","四川","0825-2290000","http://zsc.scvtc.edu.cn/"
"709","雅安职业技术学院","专科（高职）","综合类","四川雨城区","0835-2241840,0835-2229044","http://zjc.yazjy.com/"
"710","达州职业技术学院","专科（高职）","综合类","四川通川区","0818-2309358,0818-2309691","http://zsw.dzvtc.edu.cn/"
"711","广安职业技术学院","专科（高职）","综合类","四川广安区","0826-2256168,0826-2256160","http://zs.gavtc.cn/"
"712","四川建筑职业技术学院","专科（高职）","理工类","四川","0838-2651228,0838-2651788,0838-2652947","http://zsw.scac.edu.cn/"
"713","南充职业技术学院","专科（高职）","综合类","四川","0817-2702232,0817-2706598,0817-3542716",
"714","四川工程职业技术学院","专科（高职）","理工类","四川","0838-2651116,0838-2654118","http://www.scetc.com/"
"715","四川航天职业技术学院","专科（高职）","理工类","四川","028-84809675,028-84809638,028-84809788","http://www.scavc.com/zsjy1/zsw1/gg.htm"
"716","四川化工职业技术学院","专科（高职）","理工类","四川","0830-3150329,0830-3151321","http://zjc.sccc.edu.cn"
"717","四川文理学院","普通本科","综合类","四川通川区","0818-2790027","http://zjc.sasu.edu.cn/"
"718","四川机电职业技术学院","专科（高职）","理工类","四川东区","0812-6250530,0812-6250212","http://zs.scemi.com/"
"719","四川交通职业技术学院","专科（高职）","理工类","四川温江区","028-82680050,028-82690045,028-82690046","http://zsjyc.svtcc.edu.cn/"
"720","四川工业科技学院","普通本科","综合类","四川","0838-3206188,0838-3201799,0838-3202399","http://www.scit.cn/zszx.htm"
"721","四川水利职业技术学院","专科（高职）","理工类","四川","028-68611971,028-68611777","http://www.swcvc.edu.cn/xxgk/zsjy.htm"
"722","四川司法警官职业学院","专科（高职）","政法类","四川","0838-2501823,0838-2503811","http://zsw.sjpopc.edu.cn/"
"723","四川信息职业技术学院","专科（高职）","理工类","四川利州区","0839-3350014,0839-3351918","http://zjc.scitc.com.cn/"
"724","四川邮电职业技术学院","专科（高职）","理工类","四川锦江区","028-84671557,028-84782789,028-84782451","http://zj.sptc.cn/"
"725","襄阳职业技术学院","专科（高职）","综合类","湖北","0710-3513613,0710-3515365","http://zsxx.hbxytc.cn"
"726","鄂州职业大学","专科（高职）","综合类","湖北鄂城区","027-60876578,027-60858935,027-60698166","http://www.ezu.cn/zb/"
"727","湖北职业技术学院","专科（高职）","理工类","湖北","0712-2868616,0712-2868615","http://zs.hbvtc.edu.cn"
"728","湖北中医药高等专科学校","专科（高职）","医药类","湖北","0716-8023541,0716-8023542","http://zjb.hbzyy.org/zs/index.asp"
"729","黄冈职业技术学院","专科（高职）","理工类","湖北","0713-8345082,0713-8346059,0713-8346367","http://www.hgpu.edu.cn/zsxxw/"
"730","武汉商学院","普通本科","财经类","湖北","027-84791352,027-84791355","https://zs.wbu.edu.cn/"
"731","武汉职业技术学院","专科（高职）","理工类","湖北","027-87766666,027-87766664","https://zjc.wtc.edu.cn/zs/"
"732","汉江师范学院","普通本科","师范类","湖北茅箭区","0719-8846222,0719-8846111","http://zjc.hjnu.edu.cn/"
"733","北京电子科技职业学院","专科（高职）","理工类","北京朝阳区","010-87220979,010-87220709","https://www.bpi.edu.cn/zsjy/tzgg/"
"734","首都师范大学科德学院","普通本科","艺术类","北京大兴区","010-89229201","http://www.kdcnu.com/zsw/A0804index_1.htm"
"735","北京培黎职业学院","专科（高职）","财经类","北京海淀区","010-62956515,010-62956516,010-62956586","http://www.bjpldx.edu.cn/zhaoshengwang/"
"736","北京科技职业学院","专科（高职）","理工类","北京昌平区","010-80727711,010-80727715","http://zs.5aaa.edu.cn"
"737","吉利学院","普通本科","理工类","四川简阳市","010-60758989,010-60751995,010-60752136","http://zs.bgu.edu.cn"
"738","北京汇佳职业学院","专科（高职）","语言类","北京昌平区","010-51631234,010-51631235,010-51631622","https://www.hju.net.cn/site/term/35.html"
"739","北京经贸职业学院","专科（高职）","财经类","北京房山区","010-80362306,010-80362307,010-80362308","http://www.csuedu.com"
"740","北京科技经营管理学院","专科（高职）","财经类","北京昌平区","010-51731888,010-51731836","http://www.1985edu.com"
"741","中国地质大学（北京）","211","其他","北京海淀区","010-82323688,010-82323788","https://zhsh.cugb.edu.cn/index.action"
"742","华北电力大学","211","理工类","北京昌平区","010-61773377,010-61773022,010-61773020","https://goto.ncepu.edu.cn/"
"743","中国石油大学（北京）","211","理工类","北京昌平区","010-89733245","http://bkzs.cup.edu.cn"
"744","河南师范大学","普通本科","师范类","河南","0373-3326191,0373-3325268","http://www.htu.cn/zs/"
"745","安阳工学院","普通本科","理工类","河南","0372-2909038,0372-2909040,0372-2909046","http://zs.ayit.edu.cn"
"746","天津医学高等专科学校","专科（高职）","医药类","天津河西区","022-60276922,022-60276652,022-60276923","http://www.tjyzh.cn/zsjy/zs.htm"
"747","天津电子信息职业技术学院","专科（高职）","理工类","天津津南区","022-28772524,022-26526787,022-28622201","http://www.tjdz.net/a/recruit/"
"748","天津滨海职业学院","专科（高职）","综合类","天津滨海新区","022-66315884,022-66310478","http://www.tjbpi.com/Category_369/Index.aspx"
"749","天津渤海职业技术学院","专科（高职）","综合类","天津北辰区","022-88252748,022-88252749,022-88252754",
"750","天津轻工职业技术学院","专科（高职）","综合类","天津津南区","022-27391636","http://211.81.40.170/"
"751","天津公安警官职业学院","专科（高职）","政法类","天津西青区","022-58786536","https://zsw.tjjingyuan.cn/"
"752","天津机电职业技术学院","专科（高职）","理工类","天津津南区","022-58719600,022-58083333",
"753","天津工程职业技术学院","专科（高职）","理工类","天津滨海新区","022-25966613,022-25924477,022-25924482",
"754","天津现代职业技术学院","专科（高职）","综合类","天津津南区","022-28193120,022-28172591,022-28172507","http://zsjy.xdxy.com.cn/"
"755","天津市职业大学","专科（高职）","综合类","天津北辰区","022-59671666,022-59671777","http://zs.tjtc.edu.cn/"
"756","天津交通职业学院","专科（高职）","理工类","天津西青区","022-87912328","http://zhaosheng.tttc.edu.cn/"
"757","天津工业职业学院","专科（高职）","理工类","天津北辰区","022-26983723,022-26983773","https://zsb.pctj.edu.cn/"
"758","天津工艺美术职业学院","专科（高职）","艺术类","天津河北区","022-26786329,022-26773252","https://www.gmtj.com/news/info2/type/79.html"
"759","天津开发区职业技术学院","专科（高职）","综合类","天津滨海新区","022-60662588,022-60662688","http://www.tedazj.com/zs.html"
"760","天津城市职业学院","专科（高职）","综合类","天津河东区","022-26473168,022-26464200","http://www.tjcsxy.cn/zs/default.html"
"761","天津石油职业技术学院","专科（高职）","理工类","天津滨海新区","022-29000650,022-29000588",
"762","南阳理工学院","普通本科","理工类","河南","0377-63121358","http://zsw.nyist.edu.cn"
"763","天津国土资源和房屋职业学院","专科（高职）","综合类","天津滨海新区","022-63303817,022-63303848","http://zs.tjgfxy.com.cn/"
"764","天津商务职业学院","专科（高职）","财经类","天津津南区","022-59655427,022-59655460,022-59655461","http://zhaosheng.tcc1955.edu.cn/"
"765","天津艺术职业学院","专科（高职）","艺术类","天津南开区","022-23855353","http://www.arttj.cn/page/Default.asp?pageID=59#Menu=ChildMenu2"
"766","天津中德应用技术大学","普通本科","理工类","天津河北区","022-28776099,022-28776716,022-28776655","http://zs.tsguas.edu.cn/"
"767","天津铁道职业技术学院","专科（高职）","理工类","天津河北区","022-26748181,022-26744940","http://zhao.tjtdxy.cn/"
"768","大连商务职业学院","专科（高职）","财经类","辽宁","0411-86305735",
"769","通辽职业学院","专科（高职）","综合类","内蒙古","0475-8888558,0475-8888552","http://zsw.tlzyxy.com/"
"770","西安外事学院","普通本科","综合类","陕西雁塔区","029-88513888","https://zsw.xaiu.edu.cn/"
"771","西安思源学院","普通本科","综合类","陕西","400-888-6660,029-82601888,029-82601785","http://zb.xasyu.cn/"
"772","北京体育大学","211","体育类","北京海淀区","010-62989047,010-62989342","http://zs.bsu.edu.cn"
"773","南昌工程学院","普通本科","理工类","江西青山湖区","0791-88126666,0791-88126772","http://envo.nit.edu.cn/"
"774","南昌理工学院","普通本科","综合类","江西","0791-83891958,0791-82143608","http://zsb.nut.edu.cn"
"775","江西科技学院","普通本科","综合类","江西","0791-88138888,0791-88137777","http://zjc.jxut.edu.cn/ygzs.htm"
"776","江西中医药高等专科学校","专科（高职）","医药类","江西","0794-8230086,18970410086","http://www.jxtcms.net/zsw/"
"777","江西卫生职业学院","专科（高职）","医药类","江西","0791-85772168,0791-85772158,0791-85151888","http://zsw.jxhlxy.com.cn/"
"778","豫章师范学院","普通本科","师范类","江西新建区","0791-83685811,0791-87545147","http://www.yuznu.edu.cn/html2/index9.html"
"779","河南中医药大学","普通本科","医药类","河南金水区","0371-86667366","http://ptzs.hactcm.edu.cn"
"780","江西警察学院","普通本科","政法类","江西新建区","0791-88673333,0791-88673068","http://stu.jxga.edu.cn/news-list-zhaoshengxinxi.html"
"781","首都经济贸易大学","普通本科","财经类","北京丰台区","010-83952090,010-83951799","http://zs.cueb.edu.cn"
"782","信阳师范学院","普通本科","师范类","河南","0376-6391212,0376-6390601,0376-6391762","http://zs.xynu.edu.cn"
"783","安阳师范学院","普通本科","师范类","河南","0372-2900135,0372-2900106","https://zs.aynu.edu.cn/"
"784","北京信息科技大学","普通本科","理工类","北京海淀区","010-82426126","http://zhaosheng.bistu.edu.cn"
"785","平顶山学院","普通本科","综合类","河南","0375-2657796,0375-2657677,0375-2657797","http://zsxx.pdsu.edu.cn"
"786","北京青年政治学院","专科（高职）","语言类","北京朝阳区","010-64724789,010-84778264,010-84778254","http://xsc.bjypc.edu.cn/zhaosheng/"
"787","北京信息职业技术学院","专科（高职）","理工类","北京朝阳区","010-64353978,010-64374282","http://www.bitc.edu.cn/zsxx/"
"788","河南科技学院","普通本科","综合类","河南红旗区","0373-3040127","http://zsxx.hist.edu.cn/"
"789","黄淮学院","普通本科","综合类","河南","0396-2853111,0396-2853178","http://zhaosheng.huanghuai.edu.cn/"
"790","北京工业职业技术学院","专科（高职）","理工类","北京石景山区","010-51511538,010-51511539","http://zs.bgy.edu.cn/"
"791","铁道警察学院","普通本科","政法类","河南","0371-60666067","http://www.rpc.edu.cn/zsjy/index.htm"
"792","北京经济技术职业学院","专科（高职）","财经类","北京","010-61595668,010-61595685",
"793","萍乡学院","普通本科","综合类","江西","0799-6682122,0799-6684491,0799-6684355","http://zsw.pxc.jx.cn/"
"794","景德镇学院","普通本科","综合类","江西","0798-8336008,0798-8334044","http://zsw.jdzu.edu.cn/"
"795","漯河医学高等专科学校","专科（高职）","医药类","河南","0395-2924139,0395-2124491","http://www.lhmc.edu.cn/zs/"
"796","新余学院","普通本科","综合类","江西","0790-6666058,0790-6666055","http://zb.xyc.edu.cn"
"797","九江职业技术学院","专科（高职）","理工类","江西","0792-8262600,0792-8177701,0792-81777022","http://zsw.jvtc.jx.cn"
"798","河南工学院","普通本科","理工类","河南红旗区","0373-3691234,0373-3691071","http://zs.hait.edu.cn"
"799","江西工业职业技术学院","专科（高职）","综合类","江西","0791-88351773,0791-88691909,0791-88690909","http://zsw.jxgzy.cn"
"800","九江职业大学","专科（高职）","综合类","江西浔阳区","0792-8375558,0792-8377677","http://www.jjvu.jx.cn/Category_894/Index.aspx"
"801","北京政法职业学院","专科（高职）","政法类","北京大兴区","010-89269998,010-89269999","http://zs.bcpl.cn/"
"802","北京财贸职业学院","专科（高职）","财经类","北京通州区","010-65231250,010-65253959","http://zs.bjczy.edu.cn/"
"803","江西工业贸易职业技术学院","专科（高职）","综合类","江西","0791-83777800,0791-83777842,0791-83777980","http://zsc.jxgmxy.com"
"804","郑州电力高等专科学校","专科（高职）","理工类","河南","0371-62275026,0371-62275025","https://zs.zepc.edu.cn/"
"805","江西现代职业技术学院","专科（高职）","综合类","江西","0791-88123456,0791-88123658","http://zsw.jxxdxy.com/"
"806","北京京北职业技术学院","专科（高职）","理工类","北京怀柔区","010-89681662,010-89682407",
"807","宜春职业技术学院","专科（高职）","综合类","江西","0795-3203236,0795-3203019","http://zs.ycvc.jx.cn/"
"808","南昌职业大学","普通本科","综合类","江西湾里区","0791-87190000,0791-87191111","http://zsb.nczydx.com/"
"809","北京交通职业技术学院","专科（高职）","理工类","北京昌平区","010-89707874,010-80110996","http://www.jtxy.com.cn/index.php?m=content&amp;c=index&amp;a=lists&amp;catid=51"
"810","北京戏曲艺术职业学院","专科（高职）","艺术类","北京丰台区","010-67561657","http://117.114.161.150/"
"811","北京北大方正软件职业技术学院","专科（高职）","综合类","北京通州区","010-82529571,010-82529573","http://zhaosheng.pfc.cn"
"812","江西交通职业技术学院","专科（高职）","综合类","江西","0791-83806062,0791-83809767","https://zsb.jxjtxy.edu.cn/"
"813","抚州职业技术学院","专科（高职）","理工类","江西","0794-7058123,0794-7058456","http://www.fzjsxy.cn/index.php/cms/item-list-category-49.shtml"
"814","武汉民政职业学院","专科（高职）","政法类","湖北洪山区","027-87178319,027-87178320","http://www.whmzxy.cn/xibu/zsjyw/"
"815","江西应用工程职业学院","专科（高职）","理工类","江西安源区","0799-6376776,0799-6376677","http://zsc.jxatei.net/"
"816","北京农业职业学院","专科（高职）","农林类","北京房山区","010-80358899,010-82595825","https://www.bvca.edu.cn/zsw/"
"817","山西中医药大学","普通本科","医药类","山西万柏林区","0351-3179767,0351-2272672","http://bkzs.sxtcm.edu.cn/"
"818","运城学院","普通本科","综合类","山西","0359-2090807,0359-2090661,0359-2090662","http://www.ycu.edu.cn/zhaosheng/"
"819","晋中学院","普通本科","综合类","山西榆次区","0351-3985777,0351-3985888,0351-3985510",
"820","江西工程职业学院","专科（高职）","综合类","江西西湖区","0791-86587211","http://59.52.97.137:82/Item/list.asp?id=214"
"821","江西科技职业学院","专科（高职）","综合类","江西南昌县","0791-85160008,0791-85160018,0791-85160028","http://zsb.jxkeda.com/"
"822","江西生物科技职业学院","专科（高职）","农林类","江西南昌县","0791-85739800,0791-87877238","http://zsw.jxswkj.com/zyjs.htm"
"823","江西外语外贸职业学院","专科（高职）","其他","江西","0791-88352677,0791-88352446,0791-88352447","http://zjc.jxcfs.com/"
"824","江西司法警官职业学院","专科（高职）","政法类","江西","0791-83875325,0791-83875391,0791-83875259","http://www.jxsfjy.cn/"
"825","江西应用科技学院","普通本科","综合类","江西新建区","0791-83653888,0791-83653777,0791-83653666","http://www.jxcsedu.com/zhaosheng/"
"826","西昌学院","普通本科","综合类","四川西昌市","0834-2580038,0834-2580029","https://www.xcc.edu.cn/xcxy_zsw/index/index.html"
"827","江西电力职业技术学院","专科（高职）","理工类","江西","0791-3899638,0791-3898371",
"828","攀枝花学院","普通本科","综合类","四川东区","0812-5712507,0812-3370868","http://zsw.pzhu.cn"
"829","炎黄职业技术学院","专科（高职）","理工类","江苏","0517-80816690,0517-89960111","http://157.0.5.169:8080/"
"830","西南大学","211","综合类","重庆北碚区","023-68252513,023-68250942","http://bkzsw.swu.edu.cn/"
"831","贵州大学","211","综合类","贵州花溪区","0851-88305150,0851-88305151,0851-88292075","http://rso.gzu.edu.cn/"
"832","海军军医大学","211","军事类","上海","021-81870199","http://ao.smmu.edu.cn/"
"833","空军军医大学","211","军事类","陕西新城区","029-84774157  84772777","http://zhaosheng.fmmu.edu.cn/"
"834","国防科技大学","985 211","军事类","湖南","0731-84574064","http://www.gotonudt.cn/"
"835","江西旅游商贸职业学院","专科（高职）","财经类","江西","0791-83771588,0791-83771566,0791-83771544","http://zsb.jxlsxy.com/"
"836","江西农业工程职业学院","专科（高职）","农林类","江西樟树市","0795-7353583","http://www.jxaevc.com/zsw/ShowClass.asp?ClassID=211"
"837","江西青年职业学院","专科（高职）","综合类","江西","0791-83814509,0791-83893355","http://zs.jxqy.com.cn/"
"838","江西机电职业技术学院","专科（高职）","理工类","江西","0791-83805950","http://zs.jxjdxy.edu.cn/html/nzs/index.html"
"839","江西陶瓷工艺美术职业技术学院","专科（高职）","艺术类","江西","0798-8441370,0798-8416651,0798-8416652","http://www.jxgymy.com"
"840","江西制造职业技术学院","专科（高职）","综合类","江西","0791-88122812,0791-88122318,0791-88122919","http://www.jxmtc.com/zsw/"
"841","上饶职业技术学院","专科（高职）","理工类","江西","0793-8472000,0793-8472413","http://zs.srzy.cn/"
"842","江西应用技术职业学院","专科（高职）","理工类","江西","0797-8326546,0797-8326576,0797-8327962","http://www.jxyyxy.com/zsw"
"843","江西财经职业学院","专科（高职）","财经类","江西","0792-8183118,0792-8183220,0792-8183219","http://zjc.jxvc.jx.cn/"
"844","江西艺术职业学院","专科（高职）","艺术类","江西青山湖区","0791-83810006,0791-83810007","https://www.jxysedu.com/Class_26/Default"
"845","赣西科技职业学院","专科（高职）","综合类","江西","0790-6736399,0790-6435383","http://www.ganxidx.com/zs/"
"846","江西经济管理干部学院","专科（高职）","综合类","江西新建区","0791-83956683","http://zsb.jiea.cn/"
"847","江西航空职业技术学院","专科（高职）","理工类","江西南昌县","0791-88448942,0791-88490764",
"848","鹰潭职业技术学院","专科（高职）","综合类","江西","0701-6650362,0701-6650369","http://www.jxytxy.cn/zsxx.html"
"849","江西建设职业技术学院","专科（高职）","理工类","江西","0791-6713699,0791-6713599,0791-6713988","http://zsw.jxjsxy.edu.cn/"
"850","江西工业工程职业技术学院","专科（高职）","理工类","江西","0799-7062207,0799-7062737","http://zsw.jxgcxy.net/"
"851","江西工程学院","普通本科","理工类","江西","0790-6341023,0790-6351177","http://zsc.jxue.edu.cn/"
"852","江西信息应用职业技术学院","专科（高职）","理工类","江西","0791-5273256,0791-5273257","http://zsb.jxcia.com/"
"853","江西环境工程职业学院","专科（高职）","农林类","江西","0797-8259288,0797-8305312","http://www.jxhjxy.com/zs/"
"854","南方医科大学","普通本科","医药类","广东","020-61648502,020-61648504","http://portal.smu.edu.cn/bkzs/"
"855","肇庆学院","普通本科","师范类","广东","0758-2716043","http://zsb.zqu.edu.cn"
"856","广东警官学院","普通本科","政法类","广东","020-34068339,020-34067794","http://zsb.gdppla.edu.cn"
"857","广东技术师范大学","普通本科","师范类","广东天河区","020-38265603,020-38256659","http://zs.gpnu.edu.cn"
"858","广东培正学院","普通本科","财经类","广东花都区","020-86710202,020-86710302,020-86994646","http://zb.peizheng.edu.cn/"
"859","广东白云学院","普通本科","综合类","广东白云区","020-36093333,020-36095908","http://zsb.baiyunu.edu.cn/"
"860","广州航海学院","普通本科","理工类","广东黄埔区","020-32081599","http://zsb.gzmtu.edu.cn/"
"861","肇庆医学高等专科学校","专科（高职）","医药类","广东","0758-2857067,0758-2826224","https://xsc.zqmc.edu.cn/WebSite/AdmissionWeb/Index.html"
"862","广东农工商职业技术学院","专科（高职）","综合类","广东天河区","020-85230071,020-85230197","http://zs.gdaib.edu.cn/"
"863","佛山职业技术学院","专科（高职）","综合类","广东三水区","0757-87263121,0757-87263100","http://zs.fspt.net"
"864","广东松山职业技术学院","专科（高职）","理工类","广东曲江区","0751-6502668,0751-6501666",
"865","广东新安职业技术学院","专科（高职）","综合类","广东南山区","0755-36881398,0755-36881350","http://zs.gdxa.cn/"
"866","顺德职业技术学院","专科（高职）","综合类","广东顺德区","0757-22327131,0757-22327132,0757-22323732","https://zs.sdpt.edu.cn/"
"867","潮汕职业技术学院","专科（高职）","综合类","广东","0663-2290558,0663-2290588","http://www.chaoshan.cn/zsb"
"868","广东工商职业技术大学","普通本科","综合类","广东端州区","0758-6179018","http://zsb.gdbtu.edu.cn/"
"869","广东理工学院","普通本科","理工类","广东","0758-8387888,0758-8387808","http://zsb.gdlgxy.edu.cn/"
"870","广州华南商贸职业学院","专科（高职）","综合类","广东白云区","020-28388104,020-28388105","https://nzsw.scbt.edu.cn/"
"871","广州体育职业技术学院","专科（高职）","体育类","广东天河区","020-85603035,020-85603039","http://zsb.gztzy.edu.cn"
"872","广东司法警官职业学院","专科（高职）","政法类","广东","020-87083551,020-87083361","http://www.gdsfjy.cn:9001/zsxt-web/index.do"
"873","广州城市职业学院","专科（高职）","综合类","广东白云区","020-86375471,020-86375473","http://zs.gcp.edu.cn"
"874","广东邮电职业技术学院","专科（高职）","理工类","广东天河区","020-38253329,020-38252682","https://www.gupt.edu.cn/?DayEdu/Admissions/"
"875","清远职业技术学院","专科（高职）","综合类","广东清城区","0763-3936666,0763-3936066,0763-3936888","https://zs.qypt.edu.cn/"
"876","深圳信息职业技术学院","专科（高职）","理工类","广东龙岗区","0755-89226360,0755-89226361","http://zhaob.sziit.edu.cn"
"877","珠海城市职业技术学院","专科（高职）","综合类","广东金湾区","0756-7253066,0756-7253616","https://zs.zhcpt.edu.cn/"
"878","江门职业技术学院","专科（高职）","综合类","广东","0750-3725908,0750-3725289","http://zsxx.jmpt.cn/viscms/zsxx/putonggaokaozhaoshengwang8997/"
"879","惠州经济职业技术学院","专科（高职）","财经类","广东","0752-3619806,0752-3619808","https://www.hzec.edu.cn/zhaoshengban/"
"880","广州华立科技职业学院","专科（高职）","综合类","广东","020-82906888,020-32801002,020-32801003","http://www.hlxy.net/cszs/main.htm"
"881","广东工程职业技术学院","专科（高职）","理工类","广东","020-37395432,020-37395743","http://www.gdep.edu.cn/zsw/"
"882","广东理工职业学院","专科（高职）","理工类","广东","020-83505073,020-83493126","http://zs.gdpi.edu.cn/"
"883","河源职业技术学院","专科（高职）","综合类","广东","0762-3800003,0762-3800006","http://zsb.hypt.edu.cn"
"884","阳江职业技术学院","专科（高职）","综合类","广东","0662-3362800,0662-3300553","http://www.yjpt.edu.cn/zsb/index.html"
"885","广东岭南职业技术学院","专科（高职）","综合类","广东","020-22305555,0763-3918555","https://zs.lnc.edu.cn/"
"886","广东女子职业技术学院","专科（高职）","其他","广东","020-34557001,020-34557502","http://zsxx.gdfs.edu.cn/"
"887","汕尾职业技术学院","专科（高职）","综合类","广东","0660-3386864,0660-3396865","http://www.swvtc.cn/html/zsw/index.html"
"888","广州现代信息工程职业技术学院","专科（高职）","理工类","广东","020-22325918,020-22325955","http://zsb.gzmiec.edu.cn/"
"889","广州科技职业技术大学","普通本科","综合类","广东白云区","020-87410218,020-87410318,020-87410368","https://zs.gkd.edu.cn/"
"890","广州涉外经济职业技术学院","专科（高职）","综合类","广东","020-36783769,020-36783295","http://zsxx.gziec.edu.cn/"
"891","广东科学技术职业学院","专科（高职）","综合类","广东天河区","020-85297313,0756-7796101","http://www.gdit.edu.cn/zsb/main.htm"
"892","广东行政职业学院","专科（高职）","综合类","广东","020-86867108,020-86867162","https://www.gdxzzy.edu.cn/zsb/"
"893","广州康大职业技术学院","专科（高职）","综合类","广东","020-82878969,020-82872088,020-32971192","https://zsb.kdvtc-edu.cn"
"894","中国矿业大学（北京）","211","理工类","北京海淀区","010-62331534,010-82381241","http://zb.cumtb.edu.cn"
"895","武汉科技大学","普通本科","理工类","湖北","027-68862888","http://zs.wust.edu.cn"
"896","长江工程职业技术学院","专科（高职）","理工类","湖北江夏区","027-87933335,027-87933331,027-87933332","http://zs.cj-edu.com.cn/"
"897","重庆科技学院","普通本科","理工类","重庆沙坪坝区","023-65026868,023-65022363","http://zjc.cqust.edu.cn/"
"898","上海商学院","普通本科","财经类","上海徐汇区","021-54252879,021-64280270","http://zsw.sbs.edu.cn/"
"899","上海政法学院","普通本科","政法类","上海青浦区","021-39225065,021-39225175,021-39225177","http://zs.shupl.edu.cn/"
"900","大庆师范学院","普通本科","师范类","黑龙江","0459-5510088,0459-5510288","http://www.dqsy.net/zsjy.htm"
"901","武汉铁路职业技术学院","专科（高职）","理工类","湖北","027-51168665,027-51159355","http://zjc.wru.edu.cn/"
"902","吉林农业科技学院","普通本科","农林类","吉林","0432-63509600,0432-6350932,0432-63509034",
"903","随州职业技术学院","专科（高职）","理工类","湖北","0722-3809888,0722-3809889","http://zsc.szvtc.cn/"
"904","武汉航海职业技术学院","专科（高职）","理工类","湖北江汉区","027-51868508,027-86811585,027-86811585","http://zs.whhhxy.com/"
"905","长沙南方职业学院","专科（高职）","综合类","湖南天心区","0731-88120011","http://zs.nfdx.net/"
"906","重庆交通大学","普通本科","理工类","重庆南岸区","023-62652497,023-62652498","http://zsjy.cqjtu.edu.cn/zsw/default.aspx"
"907","武汉警官职业学院","专科（高职）","政法类","湖北东西湖区","027-83214207,027-83254957","http://zs.whpa.cn/"
"908","福建医科大学","普通本科","医药类","福建","0591-22860673,0591-22862773","http://www.fjmu.edu.cn/zs"
"909","福建中医药大学","普通本科","医药类","福建","0591-22861003,0591-22861250,0591-22861276","http://zsb.fjtcm.edu.cn/"
"910","蚌埠医学院","普通本科","医药类","安徽","0552-3178336","https://jwc.bbmc.edu.cn/zsxx2.htm"
"911","阜阳师范大学","普通本科","师范类","安徽颍州区","0558-2595660,0558-2595661,0558-22595663","http://www.fynu.edu.cn/bkzsxxw/"
"912","安庆师范大学","普通本科","师范类","安徽迎江区","0556-5300117","http://zsw.aqnu.edu.cn/"
"913","湖北理工学院","普通本科","理工类","湖北","0714-6350612,0714-6372166,0714-6359652","http://zsxx.hbpu.edu.cn"
"914","湖北警官学院","普通本科","政法类","湖北","027-61630031,18007158361","http://zsxx.hbpa.edu.cn/"
"915","长沙学院","普通本科","理工类","湖南","0731-84261447,0731-84261436","http://zsjy.ccsu.cn/zssy.htm"
"916","广东金融学院","普通本科","财经类","广东","020-37215393,020-37216086","http://zs.gduf.edu.cn/"
"917","右江民族医学院","普通本科","医药类","广西","0776-2853922,0776-2848860","http://yyzs.ymcn.edu.cn/"
"918","广西中医药大学","普通本科","医药类","广西","0771-3122535,0771-3126099","http://zjc.gxtcmu.edu.cn/"
"919","河池学院","普通本科","综合类","广西宜州区","0778-3142339","http://zs.hcnu.edu.cn/"
"920","伊犁师范大学","普通本科","师范类","新疆伊宁市","0999-8137391","https://zsw.ylnu.edu.cn/"
"921","重庆文理学院","普通本科","综合类","重庆永川区","023-49891968","http://zb.cqwu.edu.cn"
"922","沈阳工程学院","普通本科","理工类","辽宁","024-31975263,024-31975265","http://zhaosheng.sie.edu.cn"
"923","赤峰学院","普通本科","综合类","内蒙古","0476-8300205,0476-8300206","http://www.cfxy.cn/zs/"
"924","西安文理学院","普通本科","师范类","陕西碑林区","029-88221619,029-88221907","http://zsjyc.xawl.edu.cn/"
"925","昆明学院","普通本科","综合类","云南","0871-65098083,0871-65098085","http://zs.kmu.edu.cn/index.jsp"
"926","黑河学院","普通本科","综合类","黑龙江五大连池市","0456-6842222,0456-6842888,0456-6842777","http://www.hhxyzsb.com/"
"927","广西财经学院","普通本科","财经类","广西","0771-3835078,0771-3859737,0771-3843560",
"928","吉林医药学院","普通本科","医药类","吉林","0432-64560120",
"929","金陵科技学院","普通本科","理工类","江苏","025-86188800,025-86188811","http://jitzs.university-hr.com/"
"930","徐州工程学院","普通本科","综合类","江苏","0516-83105200","http://zjc.xzit.edu.cn/zhaosheng/"
"931","河南职业技术学院","专科（高职）","理工类","河南","0371-65687733,0371-69307333","http://zsjy.hnzj.edu.cn/"
"932","江苏农牧科技职业学院","专科（高职）","农林类","江苏","0523-86158999,0523-86158030,0523-86158666","http://www.jsahvc.edu.cn/zsxx/"
"933","湖北经济学院法商学院","普通本科","财经类","湖北","027-81972078,027-81972256","http://www.hbfs.edu.cn/zs/"
"934","保险职业学院","专科（高职）","财经类","湖南","0731-82816999,0731-82816975","https://www.bxxy.com/html/folder/20070139-1.htm"
"935","湖北三峡职业技术学院","专科（高职）","理工类","湖北","0717-8853388,0717-8853399,0717-8853339","http://zs.tgc.edu.cn/"
"936","武汉交通职业学院","专科（高职）","理工类","湖北","027-88756299",
"937","厦门理工学院","普通本科","理工类","福建","0592-6291114,0592-6291618","http://zsb.xmut.edu.cn"
"938","哈尔滨师范大学","普通本科","师范类","黑龙江","0451-88060177","http://cs.hrbnu.edu.cn/zsxx.htm"
"939","绥化学院","普通本科","综合类","黑龙江","0455-8301333,0455-8301777,0455-8301888","http://zs.shxy.edu.cn/lnfs.htm"
"940","淮阴师范学院","普通本科","师范类","江苏","0517-83526999,0517-83526555","http://zb.hytc.edu.cn/"
"941","南京工业职业技术大学","普通本科","理工类","江苏栖霞区","400-080-1151,025-85864210","http://zs.niit.edu.cn"
"942","浙江传媒学院","普通本科","语言类","浙江下城区","0571-86832600,0571-86832630","http://zsw.cuz.edu.cn/"
"943","辽宁科技学院","普通本科","理工类","辽宁","024-43164073,024-43164077,024-43164078","http://zs.lnist.edu.cn/"
"944","湖北城市建设职业技术学院","专科（高职）","理工类","湖北","027-81326808,027-81326809","http://zhaosheng.hbucvc.edu.cn"
"945","江苏工程职业技术学院","专科（高职）","理工类","江苏","0513-80560444,0513-80560555","http://zsb.jcet.edu.cn/"
"946","湖南人文科技学院","普通本科","综合类","湖南","0738-8325377","http://hnrkuzs.university-hr.cn/"
"947","贵阳学院","普通本科","综合类","贵州","0851-85400560,0851-85406767","http://zjc.gyu.cn/"
"948","重庆工商大学","普通本科","财经类","重庆南岸区","023-62769696","https://acgozs.ctbu.edu.cn/"
"949","湖北水利水电职业技术学院","专科（高职）","理工类","湖北","027-87378079,027-87378095","http://www.hbsy.cn/zsw/"
"950","成都医学院","普通本科","医药类","四川","028-62739988,028-62739200","http://zs.cmc.edu.cn/"
"951","文华学院","普通本科","理工类","湖北","027-87583391,027-87583392,027-87583393","http://zhaosheng.hustwenhua.net/"
"952","绵阳师范学院","普通本科","师范类","四川","0816-2200001,0816-2202650","http://zs.mnu.cn"
"953","内江师范学院","普通本科","师范类","四川","0832-2341097,0832-2340613","http://njtczs.university-hr.cn/"
"954","宜宾学院","普通本科","综合类","四川宜宾县","0831-3530929,0831-3545029,0831-3553172","http://zsw.yibinu.edu.cn/"
"955","乐山师范学院","普通本科","师范类","四川","0833-2276288,0833-2276247","http://zs.lsnu.edu.cn/"
"956","成都体育学院","普通本科","体育类","四川","028-85090713","http://zb.cdsu.edu.cn/"
"957","曲靖师范学院","普通本科","师范类","云南","0874-8998692,0874-8998620,0874-8965030","http://zsjyc.qjnu.edu.cn/"
"958","榆林学院","普通本科","师范类","陕西","0912-3893980,0912-3893826","https://zsxxw.yulinu.edu.cn/"
"959","塔里木大学","普通本科","综合类","新疆阿拉尔市","0997-4680620,0997-4681848",
"960","上海电机学院","普通本科","理工类","上海浦东新区","021-38223045","http://zhaosheng.sdju.edu.cn"
"961","西藏藏医药大学","普通本科","医药类","西藏城关区","0891-6389670","http://www.ttmc.edu.cn/zsjy/zsxx.htm"
"962","陇东学院","普通本科","综合类","甘肃","0934-8658679,0934-8652820","https://zsjyc.ldxy.edu.cn/"
"963","天水师范学院","普通本科","师范类","甘肃","0938-8363669,0938-8350098","http://zjc.tsnu.edu.cn/"
"964","广州南方学院","普通本科","综合类","广东从化区","020-61787326,020-61787333","http://zsb.nfu.edu.cn"
"965","苏州百年职业学院","专科（高职）","综合类","江苏苏州工业园区","0512-62955666,0512-62955777,0512-62955778","http://zjw.scc.edu.cn/"
"966","武汉华夏理工学院","普通本科","理工类","湖北","027-87921666,027-81695660","http://zs.hxut.edu.cn/"
"967","商丘医学高等专科学校","专科（高职）","医药类","河南","0370-3251006,0370-3251076","http://www.sqyx.edu.cn/zs/"
"968","西安航空学院","普通本科","理工类","陕西","029-84257775,029-84250446","http://zb.xaau.edu.cn"
"969","武昌首义学院","普通本科","理工类","湖北洪山区","027-88426116,027-88426123","http://zs.wsyu.edu.cn/"
"970","汉口学院","普通本科","综合类","湖北","027-59410037,027-59410038,027-59410087","http://zs.hkxy.edu.cn/"
"971","长江职业学院","专科（高职）","理工类","湖北江汉区","027-87170101,027-87170202","http://zsjy.cjxy.edu.cn"
"972","北京工商大学嘉华学院","普通本科","财经类","北京通州区","010-69597736,010-69597746","http://zs.canvard.net.cn/"
"973","北京工业大学耿丹学院","普通本科","综合类","北京顺义区","010-60413296,010-60413297","http://www.gengdan.cn"
"974","郑州经贸学院","普通本科","财经类","河南中原区","0371-62499999,0371-62499855","http://www.zcib.edu.cn/zcib/site/RecruitmentNetwork/index.html"
"975","北京邮电大学世纪学院","普通本科","综合类","北京延庆区","010-62283773,010-61227318","http://zhaoban.ccbupt.cn"
"976","江苏建筑职业技术学院","专科（高职）","理工类","江苏","0516-83889021,0516-83888688","http://zsb.jsjzi.edu.cn/"
"977","江苏警官学院","普通本科","政法类","江苏","025-52888910","http://www.jspi.cn/zsjy/zsxx.htm"
"978","扬州环境资源职业技术学院","专科（高职）","农林类","江苏","0514-87436188",
"979","常州纺织服装职业技术学院","专科（高职）","理工类","江苏","400-188-1251,0519-86336023,0519-86336019,151611739","https://zs.cztgi.edu.cn/"
"980","三峡大学科技学院","普通本科","理工类","湖北","0717-6394010,0717-6394011","http://kjxy.ctgu.edu.cn/zs_zz_/sy.htm"
"981","郑州财经学院","普通本科","财经类","河南","0371-86650005,0371-86650006,0371-86650007","http://zb.zzife.edu.cn"
"982","陕西青年职业学院","专科（高职）","综合类","陕西","029-88413889,029-88408292","http://zsw.sxqzy.com/"
"983","陕西航空职业技术学院","专科（高职）","理工类","陕西","0916-2385535,0916-2385536,0916-2385537","http://www.sxhkxy.com/zs.asp"
"984","中国矿业大学徐海学院","普通本科","综合类","江苏","0516-83884713,0516-83884716","http://xhzs.cumt.edu.cn/"
"985","陕西警官职业学院","专科（高职）","政法类","陕西","029-68756878,029-68756872","http://zhaosheng.sxjgxy.edu.cn/"
"986","电子科技大学成都学院","普通本科","理工类","四川","028-87825027,028-87825028,028-87825029","http://www.cduestc.cn/zs/"
"987","内蒙古化工职业学院","专科（高职）","理工类","内蒙古","0471-5260399,0471-5260388,0471-5260415","http://www.hgzyxy.com.cn/zsw/Index.html"
"988","中南林业科技大学涉外学院","普通本科","综合类","湖南","0731-88509596,0731-88509656,0731-89814015","http://swxy.csuft.edu.cn/zsw/"
"989","太原工业学院","普通本科","理工类","山西晋源区","0351-3568812,0351-3566080","http://zsxx.tit.edu.cn/"
"990","吉林大学—莱姆顿学院","普通本科","综合类","吉林朝阳区","0431-85168500,85168700,85168610,85168620","http://www.julc.cn"
"991","南京森林警察学院","普通本科","政法类","江苏","025-85878735","http://zsjyc.forestpolice.net/"
"992","南京特殊教育师范学院","普通本科","师范类","江苏","025-89668111,025-89668222","http://info.njts.edu.cn/4043/list.htm"
"993","南京铁道职业技术学院","专科（高职）","理工类","江苏","400-108-1155,025-68204931","http://ntyzs.njrts.edu.cn/"
"994","山东中医药大学","普通本科","医药类","山东","0531-81650251,18354122627","http://zhaosheng.sdutcm.edu.cn"
"995","南京理工大学泰州科技学院","普通本科","理工类","江苏","0523-86150066","http://zs.nustti.edu.cn"
"996","武汉工程科技学院","普通本科","理工类","湖北","027-81820255,027-81820266,027-81820277","http://zs.wuhues.com/"
"997","东南大学成贤学院","普通本科","综合类","江苏","400-100-6862,025-58690717","http://zs.cxxy.seu.edu.cn/"
"998","陕西经济管理职业技术学院","专科（高职）","财经类","陕西","029-88427211,029-88419444",
"999","郑州师范学院","普通本科","师范类","河南","0371-86666195,0371-86666196,0371-86666197","http://zsb.zznu.edu.cn"
"1000","郑州工商学院","普通本科","理工类","河南巩义市","0371-85303666,0371-85303777,0371-85303888","http://www.ztbu.edu.cn/zsb"
